activity,pet you own,favorite movie,lunch food,club
birdwatching,iguana,Howl's Moving Castle,hamburger,Science and Technology Club
speaking Russian,siberian husky,Spirited Away,meatloaf,World Cultures Club
playing the oboe,pelican,Ponyo,roast beef sandwich,Band Club
playing the oboe,iguana,Ponyo,roast beef sandwich,Band Club
drawing with charcoal,lynx,Kiki's Delivery Service,meatball sub,Art Club
playing the oboe,pelican,Ponyo,roast beef sandwich,Band Club
birdwatching,siberian husky,Kiki's Delivery Service,meatloaf,Hiking Club
birdwatching,tarantula,My Neighbor Totoro,meatloaf,Hiking Club
playing the oboe,pelican,Ponyo,roast beef sandwich,Band Club
building a Tesla Coil,iguana,Howl's Moving Castle,hot dog,Science and Technology Club
building a Tesla Coil,pelican,Spirited Away,meatball sub,World Cultures Club
speaking Russian,lynx,Kiki's Delivery Service,meatball sub,Art Club
drawing with charcoal,lynx,Kiki's Delivery Service,hamburger,Art Club
playing the oboe,pelican,Ponyo,hamburger,Band Club
drawing with charcoal,lynx,Kiki's Delivery Service,meatball sub,Art Club
building a Tesla Coil,pelican,Ponyo,hamburger,Band Club
speaking Russian,siberian husky,Spirited Away,hamburger,World Cultures Club
drawing with charcoal,pelican,Kiki's Delivery Service,meatloaf,Art Club
drawing with charcoal,tarantula,Spirited Away,meatball sub,Art Club
birdwatching,lynx,My Neighbor Totoro,meatloaf,Hiking Club
drawing with charcoal,lynx,Ponyo,hamburger,Art Club
drawing with charcoal,lynx,Howl's Moving Castle,meatball sub,Art Club
building a Tesla Coil,siberian husky,Spirited Away,hamburger,World Cultures Club
speaking Russian,siberian husky,Spirited Away,hamburger,World Cultures Club
birdwatching,iguana,My Neighbor Totoro,meatloaf,Hiking Club
building a Tesla Coil,pelican,Ponyo,roast beef sandwich,Band Club
playing the oboe,iguana,Kiki's Delivery Service,meatball sub,Art Club
speaking Russian,tarantula,Spirited Away,meatloaf,World Cultures Club
playing the oboe,pelican,Ponyo,roast beef sandwich,Band Club
speaking Russian,lynx,Spirited Away,hamburger,World Cultures Club
building a Tesla Coil,iguana,Howl's Moving Castle,meatloaf,Science and Technology Club
building a Tesla Coil,lynx,Ponyo,hot dog,Science and Technology Club
drawing with charcoal,lynx,Howl's Moving Castle,hamburger,Art Club
playing the oboe,tarantula,Howl's Moving Castle,meatloaf,Hiking Club
playing the oboe,lynx,Howl's Moving Castle,meatloaf,Hiking Club
speaking Russian,iguana,Spirited Away,hot dog,World Cultures Club
speaking Russian,siberian husky,Kiki's Delivery Service,hot dog,Science and Technology Club
birdwatching,tarantula,My Neighbor Totoro,meatloaf,Hiking Club
playing the oboe,pelican,Ponyo,roast beef sandwich,Band Club
birdwatching,tarantula,My Neighbor Totoro,hot dog,Hiking Club
playing the oboe,pelican,Ponyo,roast beef sandwich,Band Club
building a Tesla Coil,iguana,Howl's Moving Castle,hot dog,Science and Technology Club
building a Tesla Coil,iguana,Howl's Moving Castle,hot dog,Science and Technology Club
playing the oboe,pelican,Kiki's Delivery Service,roast beef sandwich,Band Club
drawing with charcoal,pelican,Ponyo,roast beef sandwich,Band Club
playing the oboe,lynx,Ponyo,roast beef sandwich,Band Club
playing the oboe,lynx,Spirited Away,hamburger,Band Club
birdwatching,lynx,My Neighbor Totoro,meatloaf,Hiking Club
drawing with charcoal,iguana,Howl's Moving Castle,hot dog,Science and Technology Club
drawing with charcoal,lynx,Ponyo,meatball sub,Art Club
building a Tesla Coil,lynx,Howl's Moving Castle,hot dog,Science and Technology Club
drawing with charcoal,lynx,Howl's Moving Castle,meatball sub,Art Club
playing the oboe,siberian husky,Ponyo,hot dog,Band Club
playing the oboe,pelican,Ponyo,roast beef sandwich,Band Club
building a Tesla Coil,tarantula,Howl's Moving Castle,hot dog,Science and Technology Club
drawing with charcoal,lynx,Kiki's Delivery Service,meatball sub,Art Club
building a Tesla Coil,lynx,Kiki's Delivery Service,meatball sub,Art Club
playing the oboe,pelican,Ponyo,roast beef sandwich,Band Club
building a Tesla Coil,iguana,Howl's Moving Castle,hot dog,Science and Technology Club
speaking Russian,siberian husky,Spirited Away,hamburger,World Cultures Club
playing the oboe,tarantula,Howl's Moving Castle,hot dog,Science and Technology Club
playing the oboe,tarantula,My Neighbor Totoro,meatloaf,Hiking Club
birdwatching,tarantula,My Neighbor Totoro,meatloaf,Hiking Club
speaking Russian,pelican,Spirited Away,hamburger,World Cultures Club
drawing with charcoal,lynx,Kiki's Delivery Service,meatball sub,Art Club
building a Tesla Coil,iguana,Howl's Moving Castle,hot dog,Science and Technology Club
speaking Russian,siberian husky,Spirited Away,hamburger,World Cultures Club
speaking Russian,siberian husky,Spirited Away,meatloaf,World Cultures Club
birdwatching,tarantula,Howl's Moving Castle,roast beef sandwich,Hiking Club
drawing with charcoal,lynx,Kiki's Delivery Service,hamburger,Art Club
building a Tesla Coil,iguana,Howl's Moving Castle,hot dog,Science and Technology Club
drawing with charcoal,lynx,Howl's Moving Castle,meatloaf,Art Club
birdwatching,tarantula,My Neighbor Totoro,meatball sub,Hiking Club
building a Tesla Coil,pelican,Howl's Moving Castle,hot dog,Science and Technology Club
building a Tesla Coil,iguana,Howl's Moving Castle,hot dog,Science and Technology Club
playing the oboe,pelican,Ponyo,roast beef sandwich,Band Club
birdwatching,tarantula,My Neighbor Totoro,hamburger,Hiking Club
speaking Russian,siberian husky,Kiki's Delivery Service,hamburger,World Cultures Club
building a Tesla Coil,iguana,Howl's Moving Castle,hot dog,Science and Technology Club
speaking Russian,siberian husky,Spirited Away,meatloaf,World Cultures Club
building a Tesla Coil,iguana,Ponyo,hot dog,Science and Technology Club
building a Tesla Coil,tarantula,My Neighbor Totoro,meatloaf,Hiking Club
birdwatching,tarantula,My Neighbor Totoro,meatloaf,Hiking Club
birdwatching,tarantula,My Neighbor Totoro,meatloaf,Hiking Club
birdwatching,tarantula,My Neighbor Totoro,meatball sub,Hiking Club
drawing with charcoal,lynx,Howl's Moving Castle,meatball sub,Art Club
building a Tesla Coil,iguana,Howl's Moving Castle,hot dog,Science and Technology Club
drawing with charcoal,lynx,Spirited Away,meatball sub,Art Club
building a Tesla Coil,iguana,Howl's Moving Castle,hot dog,Science and Technology Club
building a Tesla Coil,iguana,Howl's Moving Castle,hot dog,Science and Technology Club
drawing with charcoal,lynx,Kiki's Delivery Service,meatball sub,Art Club
playing the oboe,pelican,Ponyo,hot dog,Band Club
building a Tesla Coil,iguana,Howl's Moving Castle,hot dog,Science and Technology Club
drawing with charcoal,pelican,Kiki's Delivery Service,hamburger,Art Club
playing the oboe,pelican,Ponyo,roast beef sandwich,Band Club
playing the oboe,pelican,Ponyo,roast beef sandwich,Band Club
birdwatching,tarantula,My Neighbor Totoro,meatloaf,Hiking Club
drawing with charcoal,lynx,Kiki's Delivery Service,meatball sub,Art Club
playing the oboe,pelican,Ponyo,hamburger,Band Club
birdwatching,tarantula,My Neighbor Totoro,meatloaf,Hiking Club
playing the oboe,pelican,Ponyo,roast beef sandwich,Band Club
drawing with charcoal,lynx,Kiki's Delivery Service,meatball sub,Art Club
drawing with charcoal,lynx,Kiki's Delivery Service,meatball sub,Art Club
drawing with charcoal,lynx,Spirited Away,meatball sub,Art Club
building a Tesla Coil,iguana,Howl's Moving Castle,hot dog,Science and Technology Club
playing the oboe,lynx,Ponyo,roast beef sandwich,Band Club
birdwatching,tarantula,My Neighbor Totoro,meatloaf,Hiking Club
building a Tesla Coil,iguana,Ponyo,hot dog,Science and Technology Club
speaking Russian,siberian husky,Spirited Away,meatball sub,World Cultures Club
speaking Russian,siberian husky,My Neighbor Totoro,hamburger,World Cultures Club
