Party,Handicapped Infants Protection Act,Water Project Cost Sharing,Adoption Of The Budget Resolution,Physician Fee Freeze,Aid to El Salvador,Allow Religious Meetings In Schools, Ban Testing of Anti-Satellite Weapons,Aid To Nicaraguan Contras,Authorize MX Missile System,Immigration Reform Act,Cut Funding for Synfuels,Education Spending,Superfund Right To Sue Bill,Crime Bill,Duty Free Exports,Extend Export Controls to South Africa
Republican,Nay,Yea,Nay,Yea,Yea,Yea,Nay,Nay,Nay,Yea,Unknown,Yea,Yea,Yea,Nay,Yea
Republican,Nay,Yea,Nay,Yea,Yea,Yea,Nay,Nay,Nay,Nay,Nay,Yea,Yea,Yea,Nay,Unknown
Democrat,Unknown,Yea,Yea,Unknown,Yea,Yea,Nay,Nay,Nay,Nay,Yea,Nay,Yea,Yea,Nay,Nay
Democrat,Nay,Yea,Yea,Nay,Unknown,Yea,Nay,Nay,Nay,Nay,Yea,Nay,Yea,Nay,Nay,Yea
Democrat,Yea,Yea,Yea,Nay,Yea,Yea,Nay,Nay,Nay,Nay,Yea,Unknown,Yea,Yea,Yea,Yea
Democrat,Nay,Yea,Yea,Nay,Yea,Yea,Nay,Nay,Nay,Nay,Nay,Nay,Yea,Yea,Yea,Yea
Democrat,Nay,Yea,Nay,Yea,Yea,Yea,Nay,Nay,Nay,Nay,Nay,Nay,Unknown,Yea,Yea,Yea
Republican,Nay,Yea,Nay,Yea,Yea,Yea,Nay,Nay,Nay,Nay,Nay,Nay,Yea,Yea,Unknown,Yea
Republican,Nay,Yea,Nay,Yea,Yea,Yea,Nay,Nay,Nay,Nay,Nay,Yea,Yea,Yea,Nay,Yea
Democrat,Yea,Yea,Yea,Nay,Nay,Nay,Yea,Yea,Yea,Nay,Nay,Nay,Nay,Nay,Unknown,Unknown
Republican,Nay,Yea,Nay,Yea,Yea,Nay,Nay,Nay,Nay,Nay,Unknown,Unknown,Yea,Yea,Nay,Nay
Republican,Nay,Yea,Nay,Yea,Yea,Yea,Nay,Nay,Nay,Nay,Yea,Unknown,Yea,Yea,Unknown,Unknown
Democrat,Nay,Yea,Yea,Nay,Nay,Nay,Yea,Yea,Yea,Nay,Nay,Nay,Yea,Nay,Unknown,Unknown
Democrat,Yea,Yea,Yea,Nay,Nay,Yea,Yea,Yea,Unknown,Yea,Yea,Unknown,Nay,Nay,Yea,Unknown
Republican,Nay,Yea,Nay,Yea,Yea,Yea,Nay,Nay,Nay,Nay,Nay,Yea,Unknown,Unknown,Nay,Unknown
Republican,Nay,Yea,Nay,Yea,Yea,Yea,Nay,Nay,Nay,Yea,Nay,Yea,Yea,Unknown,Nay,Unknown
Democrat,Yea,Nay,Yea,Nay,Nay,Yea,Nay,Yea,Unknown,Yea,Yea,Yea,Unknown,Nay,Nay,Yea
Democrat,Yea,Unknown,Yea,Nay,Nay,Nay,Yea,Yea,Yea,Nay,Nay,Nay,Yea,Nay,Yea,Yea
Republican,Nay,Yea,Nay,Yea,Yea,Yea,Nay,Nay,Nay,Nay,Nay,Unknown,Yea,Yea,Nay,Nay
Democrat,Yea,Yea,Yea,Nay,Nay,Nay,Yea,Yea,Yea,Nay,Yea,Nay,Nay,Nay,Yea,Yea
Democrat,Yea,Yea,Yea,Nay,Nay,Unknown,Yea,Yea,Nay,Nay,Yea,Nay,Nay,Nay,Yea,Yea
Democrat,Yea,Yea,Yea,Nay,Nay,Nay,Yea,Yea,Yea,Nay,Nay,Nay,Unknown,Unknown,Yea,Yea
Democrat,Yea,Unknown,Yea,Nay,Nay,Nay,Yea,Yea,Yea,Nay,Nay,Unknown,Nay,Nay,Yea,Yea
Democrat,Yea,Yea,Yea,Nay,Nay,Nay,Yea,Yea,Yea,Nay,Nay,Nay,Nay,Nay,Yea,Yea
Democrat,Yea,Nay,Yea,Nay,Nay,Nay,Yea,Yea,Yea,Nay,Nay,Nay,Nay,Nay,Yea,Unknown
Democrat,Yea,Nay,Yea,Nay,Nay,Nay,Yea,Yea,Yea,Yea,Nay,Nay,Nay,Nay,Yea,Yea
Democrat,Yea,Nay,Yea,Nay,Nay,Nay,Yea,Yea,Yea,Nay,Yea,Nay,Nay,Nay,Yea,Yea
Democrat,Yea,Yea,Yea,Nay,Nay,Nay,Yea,Yea,Yea,Nay,Yea,Nay,Nay,Nay,Yea,Yea
Republican,Yea,Nay,Nay,Yea,Yea,Nay,Yea,Yea,Yea,Nay,Nay,Yea,Yea,Yea,Nay,Yea
Democrat,Yea,Yea,Yea,Nay,Nay,Nay,Yea,Yea,Yea,Nay,Yea,Nay,Nay,Nay,Yea,Yea
Republican,Nay,Yea,Nay,Yea,Yea,Yea,Nay,Nay,Nay,Nay,Nay,Yea,Yea,Yea,Nay,Nay
Democrat,Yea,Yea,Yea,Nay,Nay,Nay,Yea,Yea,Yea,Nay,Yea,Nay,Nay,Nay,Yea,Unknown
Democrat,Yea,Yea,Yea,Nay,Nay,Nay,Yea,Yea,Yea,Yea,Nay,Nay,Yea,Nay,Yea,Yea
Republican,Nay,Yea,Nay,Yea,Yea,Yea,Nay,Nay,Nay,Nay,Nay,Yea,Yea,Yea,Nay,Yea
Democrat,Yea,Yea,Yea,Nay,Nay,Nay,Yea,Yea,Yea,Nay,Nay,Nay,Nay,Nay,Yea,Yea
Republican,Nay,Yea,Nay,Yea,Yea,Yea,Nay,Nay,Nay,Nay,Nay,Yea,Yea,Yea,Nay,Nay
Republican,Yea,Unknown,Nay,Yea,Yea,Yea,Nay,Nay,Nay,Yea,Nay,Yea,Unknown,Yea,Nay,Yea
Republican,Yea,Yea,Nay,Yea,Yea,Yea,Nay,Nay,Nay,Nay,Nay,Nay,Yea,Yea,Nay,Yea
Republican,Nay,Yea,Nay,Yea,Yea,Yea,Nay,Nay,Nay,Yea,Nay,Yea,Yea,Yea,Nay,Nay
Democrat,Yea,Nay,Yea,Nay,Nay,Nay,Yea,Yea,Yea,Yea,Yea,Nay,Yea,Nay,Yea,Yea
Democrat,Yea,Yea,Yea,Nay,Nay,Nay,Yea,Yea,Yea,Nay,Unknown,Nay,Nay,Nay,Nay,Unknown
Democrat,Yea,Yea,Yea,Nay,Nay,Nay,Yea,Yea,Yea,Nay,Nay,Nay,Nay,Nay,Yea,Unknown
Democrat,Yea,Nay,Yea,Nay,Nay,Nay,Yea,Yea,Yea,Nay,Nay,Nay,Nay,Nay,Nay,Yea
Democrat,Yea,Nay,Yea,Nay,Nay,Nay,Yea,Yea,Yea,Nay,Nay,Nay,Nay,Nay,Yea,Yea
Democrat,Yea,Yea,Yea,Nay,Nay,Nay,Yea,Yea,Yea,Nay,Yea,Nay,Nay,Nay,Nay,Unknown
Democrat,Yea,Yea,Yea,Nay,Nay,Nay,Yea,Yea,Unknown,Nay,Yea,Nay,Nay,Nay,Yea,Unknown
Democrat,Yea,Yea,Yea,Nay,Nay,Nay,Yea,Yea,Yea,Nay,Nay,Nay,Nay,Nay,Nay,Yea
Democrat,Yea,Nay,Yea,Nay,Nay,Nay,Yea,Yea,Unknown,Nay,Nay,Nay,Nay,Nay,Nay,Unknown
Democrat,Yea,Yea,Yea,Nay,Nay,Nay,Yea,Yea,Nay,Nay,Nay,Nay,Nay,Yea,Nay,Yea
Republican,Nay,Unknown,Nay,Yea,Yea,Yea,Nay,Nay,Nay,Nay,Nay,Yea,Yea,Yea,Nay,Nay
Democrat,Yea,Yea,Yea,Nay,Nay,Nay,Yea,Yea,Yea,Nay,Yea,Nay,Nay,Nay,Yea,Yea
Republican,Nay,Yea,Nay,Yea,Yea,Yea,Nay,Unknown,Nay,Nay,Nay,Yea,Yea,Yea,Nay,Yea
Democrat,Yea,Yea,Yea,Nay,Nay,Nay,Yea,Yea,Yea,Nay,Nay,Nay,Nay,Nay,Unknown,Unknown
Republican,Yea,Yea,Nay,Yea,Yea,Yea,Nay,Nay,Nay,Yea,Nay,Yea,Yea,Yea,Nay,Nay
Democrat,Yea,Yea,Yea,Nay,Nay,Yea,Unknown,Yea,Nay,Nay,Yea,Yea,Nay,Yea,Nay,Unknown
Republican,Nay,Yea,Nay,Yea,Yea,Yea,Nay,Nay,Nay,Yea,Yea,Yea,Yea,Yea,Nay,Nay
Republican,Nay,Yea,Nay,Yea,Yea,Yea,Nay,Nay,Nay,Yea,Yea,Yea,Yea,Yea,Nay,Yea
Republican,Nay,Yea,Nay,Yea,Yea,Yea,Nay,Nay,Nay,Yea,Nay,Yea,Yea,Yea,Nay,Yea
Republican,Nay,Yea,Nay,Yea,Yea,Yea,Nay,Nay,Nay,Yea,Nay,Yea,Yea,Yea,Nay,Yea
Republican,Nay,Yea,Nay,Yea,Yea,Yea,Nay,Nay,Nay,Yea,Nay,Yea,Yea,Yea,Nay,Unknown
Democrat,Yea,Yea,Yea,Nay,Nay,Unknown,Yea,Yea,Yea,Yea,Nay,Nay,Nay,Nay,Yea,Unknown
Republican,Nay,Yea,Nay,Yea,Yea,Yea,Nay,Nay,Nay,Nay,Nay,Yea,Yea,Yea,Nay,Nay
Democrat,Yea,Yea,Yea,Nay,Nay,Nay,Yea,Yea,Yea,Nay,Nay,Nay,Nay,Nay,Nay,Unknown
Democrat,Yea,Yea,Yea,Nay,Nay,Nay,Yea,Yea,Yea,Nay,Yea,Nay,Nay,Nay,Nay,Yea
Democrat,Yea,Yea,Yea,Nay,Nay,Nay,Yea,Yea,Yea,Nay,Yea,Unknown,Nay,Nay,Nay,Yea
Republican,Yea,Yea,Nay,Yea,Yea,Yea,Yea,Nay,Nay,Nay,Nay,Yea,Yea,Yea,Nay,Yea
Republican,Nay,Yea,Nay,Yea,Yea,Yea,Yea,Nay,Nay,Nay,Yea,Yea,Yea,Yea,Nay,Yea
Republican,Nay,Yea,Nay,Yea,Yea,Yea,Nay,Nay,Nay,Yea,Nay,Yea,Yea,Yea,Nay,Nay
Democrat,Yea,Unknown,Yea,Nay,Nay,Nay,Yea,Yea,Yea,Nay,Nay,Nay,Yea,Nay,Yea,Yea
Democrat,Yea,Yea,Yea,Nay,Nay,Nay,Yea,Yea,Yea,Nay,Nay,Nay,Nay,Nay,Yea,Yea
Democrat,Yea,Nay,Yea,Nay,Nay,Nay,Yea,Yea,Yea,Nay,Nay,Nay,Yea,Nay,Yea,Unknown
Republican,Yea,Yea,Yea,Yea,Nay,Nay,Yea,Yea,Yea,Yea,Yea,Nay,Nay,Yea,Nay,Yea
Democrat,Yea,Yea,Yea,Nay,Nay,Nay,Yea,Yea,Yea,Nay,Yea,Nay,Nay,Nay,Yea,Unknown
Republican,Yea,Nay,Yea,Yea,Yea,Nay,Yea,Nay,Yea,Yea,Nay,Nay,Yea,Yea,Nay,Yea
Democrat,Yea,Nay,Yea,Nay,Nay,Yea,Yea,Yea,Yea,Yea,Yea,Nay,Nay,Yea,Yea,Yea
Democrat,Nay,Yea,Yea,Yea,Yea,Yea,Nay,Nay,Nay,Yea,Yea,Nay,Yea,Yea,Nay,Nay
Democrat,Nay,Yea,Yea,Nay,Yea,Yea,Nay,Nay,Nay,Yea,Yea,Yea,Yea,Yea,Nay,Unknown
Democrat,Nay,Yea,Yea,Yea,Yea,Yea,Nay,Yea,Yea,Yea,Yea,Yea,Yea,Yea,Nay,Yea
Democrat,Yea,Yea,Yea,Nay,Yea,Yea,Nay,Nay,Nay,Yea,Yea,Nay,Yea,Yea,Nay,Yea
Republican,Nay,Nay,Nay,Yea,Yea,Nay,Nay,Nay,Nay,Yea,Nay,Yea,Yea,Yea,Nay,Nay
Democrat,Yea,Nay,Yea,Nay,Nay,Yea,Yea,Yea,Yea,Yea,Nay,Yea,Nay,Yea,Nay,Unknown
Democrat,Yea,Nay,Yea,Nay,Nay,Nay,Yea,Yea,Unknown,Yea,Yea,Yea,Nay,Yea,Nay,Yea
Republican,Nay,Nay,Nay,Yea,Yea,Yea,Nay,Nay,Nay,Yea,Nay,Yea,Yea,Yea,Nay,Yea
Republican,Nay,Nay,Nay,Yea,Yea,Yea,Nay,Nay,Nay,Nay,Nay,Yea,Yea,Yea,Nay,Nay
Republican,Nay,Unknown,Nay,Yea,Yea,Yea,Nay,Nay,Nay,Yea,Nay,Yea,Yea,Yea,Nay,Nay
Democrat,Nay,Nay,Yea,Nay,Yea,Yea,Nay,Nay,Nay,Yea,Yea,Yea,Yea,Yea,Nay,Yea
Republican,Nay,Nay,Nay,Yea,Yea,Yea,Nay,Nay,Nay,Yea,Nay,Yea,Yea,Yea,Nay,Nay
Republican,Nay,Nay,Nay,Yea,Yea,Yea,Nay,Nay,Nay,Nay,Nay,Yea,Yea,Yea,Nay,Nay
Democrat,Nay,Yea,Yea,Nay,Yea,Yea,Yea,Nay,Yea,Yea,Yea,Nay,Yea,Yea,Nay,Yea
Republican,Nay,Nay,Nay,Yea,Yea,Yea,Nay,Nay,Nay,Yea,Nay,Unknown,Yea,Yea,Nay,Unknown
Democrat,Yea,Nay,Yea,Nay,Nay,Nay,Yea,Yea,Yea,Yea,Nay,Nay,Nay,Nay,Yea,Yea
Democrat,Yea,Nay,Yea,Nay,Nay,Nay,Yea,Yea,Yea,Yea,Yea,Nay,Nay,Nay,Yea,Yea
Democrat,Yea,Yea,Yea,Nay,Nay,Nay,Yea,Yea,Nay,Yea,Yea,Nay,Nay,Unknown,Yea,Yea
Democrat,Yea,Nay,Yea,Nay,Nay,Nay,Yea,Nay,Yea,Yea,Yea,Nay,Nay,Nay,Yea,Yea
Democrat,Yea,Nay,Yea,Nay,Yea,Yea,Nay,Nay,Nay,Nay,Nay,Nay,Nay,Nay,Nay,Yea
Democrat,Yea,Nay,Yea,Nay,Yea,Yea,Nay,Unknown,Unknown,Nay,Yea,Unknown,Unknown,Unknown,Yea,Yea
Democrat,Nay,Nay,Unknown,Nay,Yea,Yea,Nay,Nay,Nay,Nay,Yea,Yea,Yea,Yea,Nay,Yea
Democrat,Yea,Nay,Nay,Nay,Yea,Yea,Yea,Nay,Nay,Yea,Yea,Nay,Nay,Yea,Nay,Yea
Democrat,Yea,Yea,Yea,Nay,Nay,Yea,Yea,Yea,Yea,Yea,Nay,Nay,Nay,Nay,Nay,Yea
Republican,Nay,Nay,Nay,Yea,Yea,Yea,Nay,Nay,Nay,Yea,Unknown,Yea,Yea,Yea,Nay,Nay
Democrat,Yea,Nay,Nay,Nay,Yea,Yea,Nay,Nay,Nay,Nay,Yea,Yea,Nay,Yea,Nay,Yea
Democrat,Yea,Nay,Yea,Nay,Yea,Yea,Yea,Nay,Nay,Nay,Yea,Nay,Nay,Yea,Nay,Yea
Democrat,Yea,Nay,Yea,Nay,Yea,Yea,Yea,Nay,Unknown,Nay,Yea,Nay,Yea,Yea,Yea,Unknown
Democrat,Yea,Nay,Nay,Nay,Yea,Yea,Unknown,Nay,Unknown,Nay,Nay,Nay,Nay,Yea,Unknown,Nay
Democrat,Unknown,Unknown,Unknown,Unknown,Nay,Yea,Yea,Yea,Yea,Yea,Unknown,Nay,Yea,Yea,Nay,Unknown
Democrat,Yea,Yea,Yea,Nay,Nay,Nay,Nay,Yea,Yea,Nay,Yea,Nay,Nay,Nay,Yea,Yea
Republican,Nay,Yea,Nay,Yea,Yea,Yea,Nay,Nay,Nay,Nay,Nay,Yea,Yea,Yea,Nay,Yea
Republican,Nay,Unknown,Unknown,Unknown,Unknown,Unknown,Unknown,Unknown,Unknown,Unknown,Unknown,Unknown,Unknown,Yea,Unknown,Unknown
Democrat,Yea,Unknown,Yea,Nay,Nay,Nay,Yea,Yea,Yea,Nay,Nay,Nay,Nay,Nay,Yea,Unknown
Democrat,Yea,Unknown,Yea,Nay,Nay,Nay,Yea,Yea,Yea,Nay,Nay,Nay,Nay,Nay,Yea,Unknown
Democrat,Nay,Nay,Yea,Nay,Nay,Nay,Yea,Yea,Yea,Yea,Nay,Nay,Nay,Nay,Yea,Yea
Republican,Nay,Unknown,Nay,Yea,Yea,Yea,Nay,Nay,Nay,Yea,Nay,Yea,Yea,Yea,Nay,Yea
Democrat,Nay,Unknown,Yea,Nay,Nay,Yea,Yea,Yea,Nay,Yea,Nay,Nay,Nay,Nay,Yea,Unknown
Republican,Nay,Unknown,Nay,Yea,Yea,Yea,Nay,Nay,Nay,Yea,Nay,Yea,Yea,Yea,Nay,Nay
Democrat,Yea,Unknown,Yea,Nay,Nay,Nay,Yea,Yea,Yea,Nay,Nay,Nay,Nay,Nay,Yea,Unknown
Democrat,Nay,Unknown,Yea,Nay,Unknown,Unknown,Yea,Yea,Yea,Yea,Unknown,Unknown,Nay,Nay,Yea,Yea
Democrat,Yea,Nay,Yea,Nay,Nay,Nay,Yea,Yea,Yea,Nay,Yea,Nay,Nay,Nay,Yea,Yea
Republican,Yea,Yea,Yea,Yea,Yea,Nay,Yea,Nay,Nay,Nay,Nay,Yea,Yea,Yea,Nay,Yea
Democrat,Nay,Yea,Yea,Nay,Nay,Nay,Nay,Yea,Yea,Yea,Yea,Nay,Nay,Nay,Yea,Yea
Republican,Nay,Nay,Nay,Yea,Yea,Yea,Nay,Nay,Nay,Nay,Nay,Yea,Yea,Yea,Nay,Nay
Republican,Nay,Unknown,Unknown,Yea,Yea,Yea,Nay,Nay,Nay,Yea,Nay,Yea,Yea,Yea,Unknown,Yea
Republican,Nay,Unknown,Nay,Yea,Yea,Yea,Nay,Nay,Nay,Yea,Nay,Yea,Yea,Yea,Nay,Yea
Republican,Nay,Nay,Nay,Yea,Yea,Yea,Nay,Nay,Nay,Yea,Nay,Yea,Nay,Yea,Nay,Yea
Republican,Yea,Unknown,Nay,Yea,Yea,Yea,Nay,Yea,Nay,Nay,Nay,Yea,Yea,Yea,Nay,Yea
Democrat,Nay,Unknown,Yea,Nay,Nay,Nay,Yea,Yea,Yea,Nay,Nay,Nay,Nay,Nay,Yea,Yea
Republican,Nay,Unknown,Nay,Yea,Yea,Yea,Nay,Nay,Nay,Yea,Nay,Yea,Yea,Yea,Nay,Yea
Republican,Nay,Unknown,Nay,Yea,Yea,Yea,Nay,Nay,Nay,Nay,Nay,Yea,Yea,Yea,Nay,Nay
Democrat,Nay,Unknown,Yea,Nay,Nay,Nay,Yea,Yea,Yea,Yea,Yea,Nay,Nay,Yea,Yea,Yea
Democrat,Nay,Unknown,Yea,Nay,Nay,Yea,Nay,Yea,Nay,Yea,Yea,Nay,Nay,Nay,Yea,Yea
Democrat,Unknown,Unknown,Yea,Nay,Nay,Nay,Yea,Yea,Unknown,Nay,Unknown,Unknown,Unknown,Unknown,Unknown,Unknown
Democrat,Yea,Unknown,Yea,Nay,Unknown,Unknown,Yea,Yea,Yea,Nay,Nay,Nay,Nay,Nay,Yea,Unknown
Democrat,Nay,Nay,Yea,Nay,Nay,Yea,Nay,Yea,Yea,Yea,Nay,Nay,Nay,Yea,Nay,Yea
Republican,Nay,Nay,Nay,Yea,Yea,Yea,Nay,Nay,Nay,Yea,Nay,Yea,Yea,Yea,Nay,Unknown
Republican,Nay,Nay,Nay,Yea,Yea,Yea,Nay,Nay,Nay,Yea,Nay,Yea,Yea,Yea,Nay,Yea
Republican,Nay,Nay,Nay,Yea,Yea,Yea,Nay,Nay,Nay,Nay,Nay,Yea,Yea,Yea,Nay,Unknown
Republican,Nay,Nay,Nay,Yea,Yea,Yea,Nay,Nay,Nay,Yea,Nay,Yea,Yea,Yea,Nay,Nay
Republican,Nay,Yea,Nay,Yea,Yea,Yea,Nay,Nay,Nay,Yea,Yea,Yea,Yea,Nay,Nay,Yea
Democrat,Nay,Unknown,Yea,Nay,Nay,Yea,Yea,Yea,Yea,Yea,Nay,Nay,Nay,Yea,Yea,Yea
Democrat,Nay,Nay,Yea,Nay,Nay,Yea,Yea,Yea,Yea,Yea,Nay,Nay,Nay,Yea,Nay,Yea
Democrat,Yea,Nay,Yea,Nay,Nay,Yea,Yea,Yea,Yea,Nay,Nay,Nay,Nay,Nay,Yea,Yea
Republican,Nay,Nay,Nay,Yea,Nay,Nay,Yea,Yea,Yea,Yea,Nay,Nay,Yea,Yea,Nay,Yea
Republican,Nay,Nay,Nay,Yea,Yea,Yea,Yea,Yea,Yea,Yea,Nay,Yea,Yea,Yea,Unknown,Yea
Republican,Nay,Nay,Nay,Yea,Yea,Yea,Yea,Yea,Yea,Yea,Nay,Yea,Yea,Yea,Nay,Yea
Democrat,Unknown,Yea,Nay,Nay,Nay,Nay,Yea,Yea,Yea,Yea,Yea,Nay,Nay,Yea,Yea,Yea
Democrat,Nay,Unknown,Nay,Nay,Nay,Yea,Yea,Yea,Yea,Yea,Nay,Nay,Nay,Yea,Nay,Unknown
Democrat,Nay,Nay,Yea,Nay,Nay,Yea,Yea,Yea,Yea,Yea,Nay,Nay,Nay,Yea,Unknown,Yea
Republican,Nay,Yea,Nay,Yea,Yea,Yea,Nay,Nay,Nay,Nay,Nay,Yea,Yea,Yea,Nay,Yea
Democrat,Nay,Nay,Nay,Nay,Nay,Nay,Yea,Yea,Yea,Yea,Nay,Yea,Yea,Yea,Yea,Yea
Republican,Nay,Yea,Nay,Yea,Yea,Yea,Nay,Nay,Nay,Yea,Yea,Yea,Yea,Yea,Nay,Yea
Democrat,Nay,Nay,Yea,Nay,Nay,Nay,Yea,Yea,Yea,Yea,Nay,Nay,Yea,Nay,Yea,Yea
Republican,Yea,Yea,Nay,Yea,Yea,Yea,Nay,Nay,Nay,Yea,Nay,Yea,Yea,Yea,Nay,Yea
Democrat,Yea,Yea,Unknown,Yea,Yea,Yea,Nay,Nay,Yea,Nay,Yea,Unknown,Yea,Yea,Nay,Nay
Democrat,Nay,Yea,Yea,Nay,Nay,Yea,Nay,Yea,Yea,Yea,Yea,Nay,Yea,Nay,Yea,Yea
Democrat,Nay,Nay,Yea,Nay,Nay,Yea,Yea,Yea,Yea,Yea,Yea,Nay,Yea,Yea,Nay,Yea
Republican,Nay,Yea,Nay,Yea,Yea,Yea,Nay,Nay,Nay,Nay,Nay,Yea,Yea,Yea,Nay,Nay
Republican,Yea,Yea,Nay,Yea,Yea,Yea,Nay,Unknown,Nay,Nay,Yea,Yea,Yea,Yea,Nay,Nay
Republican,Yea,Yea,Nay,Yea,Yea,Yea,Yea,Nay,Nay,Nay,Nay,Yea,Yea,Yea,Nay,Nay
Democrat,Nay,Yea,Yea,Nay,Nay,Yea,Nay,Yea,Yea,Nay,Yea,Nay,Unknown,Unknown,Unknown,Unknown
Republican,Nay,Yea,Nay,Yea,Yea,Yea,Nay,Nay,Nay,Yea,Nay,Yea,Yea,Yea,Nay,Nay
Democrat,Nay,Yea,Yea,Nay,Unknown,Yea,Yea,Yea,Yea,Yea,Yea,Nay,Nay,Unknown,Nay,Unknown
Democrat,Nay,Yea,Nay,Nay,Yea,Yea,Nay,Nay,Nay,Nay,Nay,Yea,Yea,Yea,Yea,Yea
Democrat,Nay,Nay,Nay,Nay,Yea,Yea,Yea,Nay,Nay,Nay,Nay,Yea,Yea,Yea,Nay,Yea
Democrat,Nay,Yea,Yea,Nay,Yea,Yea,Yea,Nay,Nay,Nay,Yea,Yea,Yea,Yea,Nay,Yea
Republican,Nay,Yea,Nay,Yea,Yea,Yea,Yea,Nay,Nay,Nay,Nay,Yea,Yea,Yea,Nay,Yea
Democrat,Yea,Yea,Nay,Nay,Yea,Yea,Nay,Nay,Nay,Yea,Yea,Yea,Yea,Yea,Nay,Unknown
Democrat,Nay,Yea,Yea,Nay,Nay,Yea,Yea,Yea,Yea,Yea,Yea,Nay,Yea,Nay,Yea,Unknown
Republican,Yea,Nay,Yea,Yea,Yea,Yea,Yea,Yea,Nay,Yea,Nay,Yea,Nay,Yea,Yea,Yea
Republican,Yea,Nay,Yea,Yea,Yea,Yea,Yea,Yea,Nay,Yea,Yea,Yea,Nay,Yea,Yea,Yea
Democrat,Nay,Nay,Yea,Yea,Yea,Yea,Nay,Nay,Yea,Nay,Nay,Nay,Yea,Yea,Yea,Unknown
Democrat,Yea,Nay,Yea,Nay,Nay,Nay,Yea,Yea,Yea,Yea,Yea,Nay,Nay,Yea,Nay,Yea
Democrat,Yea,Nay,Yea,Nay,Nay,Nay,Unknown,Yea,Yea,Unknown,Nay,Nay,Nay,Nay,Yea,Unknown
Republican,Nay,Unknown,Nay,Yea,Yea,Yea,Nay,Nay,Nay,Yea,Nay,Yea,Yea,Yea,Nay,Yea
Democrat,Nay,Yea,Yea,Nay,Nay,Nay,Yea,Yea,Yea,Yea,Nay,Nay,Unknown,Nay,Yea,Yea
Democrat,Nay,Nay,Nay,Nay,Yea,Yea,Nay,Nay,Nay,Yea,Yea,Yea,Yea,Yea,Nay,Yea
Democrat,Yea,Unknown,Yea,Nay,Nay,Nay,Yea,Yea,Yea,Nay,Nay,Nay,Nay,Nay,Yea,Unknown
Democrat,Nay,Yea,Yea,Nay,Nay,Nay,Yea,Yea,Yea,Yea,Nay,Nay,Nay,Nay,Yea,Yea
Republican,Nay,Nay,Yea,Yea,Nay,Nay,Yea,Yea,Yea,Yea,Nay,Nay,Nay,Yea,Yea,Yea
Democrat,Nay,Nay,Yea,Nay,Nay,Nay,Yea,Yea,Yea,Yea,Yea,Unknown,Nay,Nay,Yea,Yea
Democrat,Unknown,Nay,Yea,Nay,Nay,Nay,Yea,Yea,Yea,Yea,Yea,Unknown,Nay,Nay,Yea,Unknown
Democrat,Yea,Nay,Yea,Nay,Nay,Nay,Yea,Yea,Yea,Yea,Nay,Nay,Nay,Nay,Yea,Yea
Democrat,Unknown,Unknown,Yea,Nay,Nay,Nay,Yea,Yea,Yea,Unknown,Unknown,Nay,Nay,Nay,Unknown,Unknown
Democrat,Nay,Nay,Yea,Nay,Nay,Nay,Yea,Yea,Yea,Yea,Yea,Nay,Nay,Nay,Yea,Yea
Democrat,Yea,Unknown,Yea,Nay,Nay,Nay,Yea,Yea,Yea,Nay,Nay,Nay,Nay,Nay,Yea,Yea
Democrat,Unknown,Unknown,Unknown,Unknown,Unknown,Unknown,Unknown,Unknown,Yea,Unknown,Unknown,Unknown,Unknown,Unknown,Unknown,Unknown
Democrat,Nay,Nay,Yea,Nay,Nay,Nay,Yea,Yea,Yea,Yea,Yea,Nay,Nay,Nay,Yea,Yea
Democrat,Yea,Nay,Yea,Nay,Nay,Nay,Yea,Yea,Yea,Yea,Nay,Unknown,Nay,Nay,Yea,Yea
Democrat,Nay,Yea,Yea,Nay,Nay,Nay,Yea,Yea,Yea,Yea,Yea,Nay,Nay,Nay,Yea,Yea
Democrat,Yea,Nay,Yea,Nay,Nay,Nay,Yea,Yea,Yea,Nay,Nay,Nay,Nay,Nay,Yea,Unknown
Republican,Yea,Unknown,Nay,Yea,Yea,Yea,Yea,Yea,Nay,Nay,Nay,Yea,Unknown,Yea,Unknown,Unknown
Democrat,Yea,Nay,Yea,Nay,Nay,Nay,Yea,Yea,Yea,Nay,Nay,Nay,Nay,Nay,Yea,Yea
Republican,Nay,Unknown,Nay,Yea,Yea,Yea,Nay,Nay,Nay,Nay,Nay,Yea,Yea,Yea,Nay,Unknown
Republican,Nay,Yea,Nay,Yea,Yea,Yea,Nay,Unknown,Nay,Yea,Nay,Yea,Yea,Yea,Nay,Unknown
Democrat,Nay,Nay,Nay,Nay,Nay,Yea,Yea,Yea,Yea,Nay,Yea,Nay,Nay,Yea,Yea,Yea
Democrat,Nay,Nay,Yea,Nay,Nay,Nay,Yea,Yea,Yea,Nay,Nay,Nay,Nay,Nay,Yea,Yea
Democrat,Nay,Nay,Yea,Nay,Nay,Yea,Yea,Unknown,Yea,Yea,Yea,Nay,Nay,Nay,Yea,Yea
Republican,Nay,Nay,Nay,Yea,Yea,Yea,Nay,Nay,Nay,Nay,Nay,Yea,Yea,Yea,Nay,Unknown
Democrat,Nay,Nay,Yea,Nay,Nay,Yea,Yea,Yea,Yea,Nay,Yea,Yea,Nay,Yea,Yea,Unknown
Republican,Nay,Unknown,Yea,Yea,Yea,Yea,Nay,Nay,Nay,Yea,Nay,Nay,Nay,Yea,Nay,Yea
Democrat,Nay,Nay,Yea,Nay,Nay,Nay,Yea,Yea,Yea,Yea,Yea,Nay,Unknown,Nay,Yea,Unknown
Democrat,Yea,Yea,Nay,Nay,Nay,Nay,Yea,Yea,Unknown,Nay,Yea,Nay,Nay,Nay,Yea,Unknown
Democrat,Nay,Nay,Yea,Nay,Nay,Nay,Yea,Yea,Yea,Nay,Nay,Nay,Nay,Yea,Yea,Yea
Democrat,Yea,Yea,Yea,Nay,Nay,Nay,Yea,Yea,Yea,Nay,Nay,Nay,Nay,Nay,Yea,Yea
Democrat,Yea,Nay,Yea,Nay,Nay,Yea,Yea,Yea,Yea,Yea,Yea,Nay,Nay,Nay,Yea,Yea
Democrat,Yea,Nay,Yea,Nay,Nay,Nay,Yea,Yea,Yea,Yea,Nay,Nay,Nay,Nay,Yea,Yea
Republican,Nay,Nay,Yea,Yea,Yea,Yea,Yea,Nay,Nay,Nay,Nay,Yea,Yea,Yea,Nay,Yea
Democrat,Nay,Nay,Yea,Nay,Nay,Yea,Yea,Yea,Yea,Yea,Nay,Yea,Nay,Nay,Nay,Yea
Republican,Nay,Nay,Nay,Yea,Yea,Yea,Nay,Nay,Nay,Yea,Nay,Yea,Nay,Yea,Nay,Yea
Republican,Yea,Unknown,Nay,Yea,Yea,Yea,Yea,Nay,Nay,Yea,Nay,Yea,Yea,Yea,Nay,Yea
Democrat,Nay,Nay,Yea,Nay,Nay,Nay,Yea,Yea,Yea,Nay,Nay,Unknown,Nay,Nay,Yea,Yea
Democrat,Yea,Yea,Yea,Nay,Nay,Nay,Yea,Yea,Yea,Yea,Yea,Nay,Nay,Nay,Nay,Yea
Democrat,Nay,Nay,Yea,Nay,Nay,Yea,Yea,Yea,Yea,Nay,Nay,Nay,Nay,Nay,Yea,Yea
Republican,Nay,Yea,Nay,Yea,Yea,Yea,Nay,Nay,Nay,Yea,Nay,Yea,Yea,Yea,Nay,Yea
Democrat,Nay,Nay,Yea,Nay,Nay,Nay,Yea,Yea,Yea,Nay,Yea,Nay,Nay,Nay,Yea,Yea
Democrat,Nay,Yea,Yea,Nay,Nay,Yea,Nay,Yea,Yea,Nay,Yea,Nay,Yea,Nay,Yea,Yea
Republican,Yea,Yea,Nay,Yea,Yea,Yea,Nay,Nay,Nay,Yea,Nay,Yea,Yea,Yea,Nay,Yea
Democrat,Nay,Yea,Yea,Yea,Yea,Yea,Nay,Nay,Nay,Yea,Yea,Yea,Yea,Yea,Yea,Unknown
Democrat,Yea,Yea,Yea,Nay,Yea,Yea,Nay,Nay,Unknown,Yea,Nay,Nay,Nay,Yea,Yea,Unknown
Republican,Nay,Yea,Nay,Yea,Yea,Yea,Nay,Nay,Nay,Yea,Nay,Yea,Yea,Yea,Nay,Nay
Democrat,Yea,Unknown,Yea,Nay,Nay,Nay,Yea,Yea,Yea,Nay,Unknown,Nay,Nay,Nay,Yea,Unknown
Democrat,Nay,Yea,Yea,Nay,Nay,Nay,Nay,Yea,Yea,Nay,Yea,Nay,Nay,Yea,Yea,Yea
Democrat,Nay,Nay,Yea,Nay,Nay,Nay,Yea,Yea,Yea,Nay,Nay,Nay,Nay,Nay,Yea,Unknown
Democrat,Nay,Yea,Yea,Nay,Yea,Yea,Nay,Nay,Nay,Nay,Yea,Nay,Nay,Nay,Yea,Unknown
Democrat,Yea,Nay,Yea,Nay,Nay,Nay,Yea,Yea,Yea,Nay,Yea,Nay,Nay,Nay,Yea,Unknown
Republican,Nay,Nay,Nay,Yea,Yea,Nay,Nay,Nay,Nay,Nay,Nay,Yea,Yea,Yea,Nay,Yea
Republican,Nay,Yea,Nay,Yea,Yea,Yea,Nay,Nay,Nay,Yea,Nay,Unknown,Yea,Yea,Nay,Nay
Republican,Nay,Unknown,Nay,Yea,Yea,Yea,Nay,Nay,Nay,Nay,Nay,Yea,Yea,Yea,Nay,Yea
Democrat,Nay,Nay,Yea,Nay,Nay,Yea,Yea,Yea,Yea,Nay,Yea,Nay,Nay,Yea,Yea,Yea
Democrat,Yea,Nay,Yea,Nay,Nay,Nay,Yea,Yea,Yea,Nay,Nay,Nay,Nay,Nay,Unknown,Yea
Republican,Nay,Yea,Nay,Yea,Yea,Yea,Nay,Nay,Nay,Nay,Nay,Yea,Yea,Unknown,Nay,Yea
Republican,Nay,Yea,Yea,Yea,Yea,Yea,Yea,Nay,Yea,Yea,Nay,Yea,Yea,Yea,Nay,Yea
Republican,Nay,Yea,Nay,Yea,Yea,Yea,Nay,Nay,Nay,Nay,Nay,Yea,Yea,Yea,Nay,Yea
Republican,Nay,Yea,Nay,Yea,Yea,Yea,Nay,Nay,Yea,Yea,Nay,Yea,Yea,Yea,Nay,Yea
Democrat,Nay,Yea,Yea,Nay,Nay,Nay,Yea,Yea,Nay,Nay,Yea,Nay,Nay,Nay,Yea,Unknown
Republican,Nay,Yea,Nay,Yea,Yea,Yea,Nay,Nay,Nay,Yea,Nay,Yea,Yea,Yea,Nay,Yea
Democrat,Nay,Nay,Yea,Nay,Nay,Yea,Yea,Yea,Yea,Yea,Nay,Yea,Nay,Yea,Yea,Unknown
Republican,Nay,Nay,Nay,Yea,Yea,Yea,Nay,Nay,Nay,Yea,Nay,Yea,Nay,Yea,Nay,Yea
Democrat,Nay,Nay,Yea,Nay,Nay,Nay,Yea,Yea,Yea,Nay,Nay,Nay,Nay,Nay,Yea,Yea
Democrat,Yea,Nay,Yea,Nay,Nay,Yea,Yea,Yea,Nay,Nay,Nay,Yea,Yea,Nay,Nay,Yea
Democrat,Yea,Yea,Yea,Nay,Nay,Nay,Yea,Yea,Unknown,Yea,Nay,Nay,Nay,Nay,Yea,Unknown
Republican,Nay,Nay,Nay,Yea,Yea,Yea,Yea,Nay,Nay,Yea,Nay,Nay,Nay,Yea,Yea,Yea
Republican,Nay,Nay,Nay,Yea,Nay,Yea,Yea,Unknown,Yea,Nay,Nay,Yea,Yea,Yea,Nay,Yea
Democrat,Yea,Nay,Yea,Nay,Nay,Nay,Yea,Yea,Yea,Yea,Yea,Nay,Nay,Yea,Yea,Yea
Republican,Nay,Nay,Nay,Nay,Yea,Yea,Yea,Nay,Nay,Nay,Nay,Unknown,Nay,Yea,Yea,Yea
Democrat,Nay,Yea,Yea,Nay,Nay,Nay,Yea,Yea,Unknown,Yea,Nay,Nay,Yea,Nay,Yea,Yea
Democrat,Yea,Nay,Yea,Nay,Nay,Nay,Nay,Yea,Yea,Yea,Nay,Nay,Nay,Nay,Yea,Yea
Democrat,Yea,Nay,Yea,Nay,Nay,Nay,Yea,Yea,Yea,Yea,Yea,Nay,Nay,Nay,Yea,Yea
Democrat,Nay,Nay,Yea,Nay,Yea,Nay,Yea,Yea,Yea,Nay,Nay,Nay,Nay,Yea,Unknown,Yea
Republican,Nay,Yea,Nay,Yea,Yea,Yea,Unknown,Nay,Nay,Nay,Nay,Unknown,Yea,Yea,Nay,Nay
Republican,Unknown,Unknown,Unknown,Unknown,Unknown,Unknown,Unknown,Unknown,Unknown,Unknown,Unknown,Unknown,Unknown,Unknown,Unknown,Unknown
Democrat,Yea,Nay,Yea,Nay,Nay,Nay,Yea,Yea,Unknown,Nay,Yea,Nay,Nay,Nay,Yea,Yea
Republican,Nay,Yea,Nay,Yea,Yea,Yea,Nay,Nay,Nay,Nay,Nay,Yea,Yea,Yea,Nay,Nay
Republican,Nay,Yea,Nay,Yea,Yea,Yea,Nay,Nay,Nay,Nay,Nay,Yea,Yea,Yea,Nay,Nay
Democrat,Yea,Yea,Yea,Nay,Nay,Yea,Yea,Yea,Yea,Nay,Nay,Nay,Nay,Nay,Yea,Yea
Republican,Nay,Yea,Nay,Yea,Yea,Yea,Nay,Nay,Nay,Nay,Nay,Yea,Yea,Yea,Nay,Yea
Democrat,Yea,Nay,Yea,Nay,Nay,Nay,Yea,Yea,Yea,Yea,Nay,Nay,Nay,Nay,Nay,Yea
Democrat,Yea,Nay,Yea,Nay,Nay,Nay,Yea,Yea,Yea,Yea,Nay,Nay,Nay,Yea,Yea,Yea
Republican,Nay,Nay,Nay,Yea,Yea,Nay,Nay,Nay,Nay,Nay,Nay,Yea,Nay,Yea,Nay,Nay
Republican,Nay,Nay,Nay,Yea,Yea,Nay,Nay,Nay,Nay,Nay,Nay,Yea,Nay,Yea,Unknown,Yea
Democrat,Nay,Nay,Yea,Nay,Nay,Nay,Yea,Yea,Yea,Nay,Yea,Nay,Nay,Nay,Yea,Yea
Democrat,Yea,Nay,Yea,Nay,Nay,Nay,Yea,Yea,Yea,Nay,Nay,Nay,Nay,Nay,Nay,Yea
Democrat,Yea,Nay,Yea,Nay,Nay,Nay,Yea,Yea,Yea,Yea,Nay,Nay,Nay,Nay,Nay,Yea
Democrat,Yea,Nay,Yea,Nay,Nay,Unknown,Yea,Yea,Yea,Nay,Unknown,Unknown,Nay,Unknown,Unknown,Unknown
Democrat,Yea,Nay,Yea,Nay,Nay,Nay,Yea,Yea,Yea,Yea,Nay,Nay,Unknown,Nay,Yea,Yea
Democrat,Yea,Nay,Yea,Nay,Nay,Nay,Yea,Yea,Yea,Nay,Nay,Nay,Nay,Nay,Yea,Unknown
Democrat,Yea,Nay,Yea,Nay,Nay,Nay,Yea,Yea,Yea,Nay,Nay,Nay,Nay,Nay,Yea,Unknown
Democrat,Yea,Nay,Yea,Nay,Nay,Nay,Yea,Yea,Yea,Yea,Nay,Nay,Nay,Nay,Nay,Yea
Republican,Nay,Nay,Nay,Yea,Yea,Yea,Nay,Nay,Nay,Yea,Nay,Yea,Nay,Yea,Nay,Yea
Republican,Yea,Nay,Nay,Nay,Nay,Nay,Yea,Yea,Yea,Yea,Nay,Nay,Nay,Yea,Nay,Yea
Democrat,Yea,Nay,Yea,Nay,Nay,Nay,Yea,Yea,Yea,Nay,Nay,Nay,Nay,Nay,Yea,Unknown
Democrat,Yea,Nay,Yea,Nay,Nay,Nay,Yea,Yea,Yea,Nay,Nay,Nay,Nay,Nay,Nay,Yea
Democrat,Yea,Yea,Yea,Nay,Nay,Nay,Yea,Yea,Yea,Nay,Nay,Nay,Nay,Nay,Yea,Yea
Democrat,Nay,Yea,Yea,Nay,Nay,Yea,Yea,Yea,Yea,Nay,Unknown,Nay,Nay,Nay,Nay,Yea
Democrat,Yea,Nay,Yea,Nay,Nay,Nay,Yea,Yea,Yea,Yea,Nay,Nay,Nay,Nay,Yea,Unknown
Republican,Nay,Nay,Nay,Yea,Yea,Nay,Yea,Yea,Nay,Yea,Nay,Yea,Yea,Yea,Unknown,Yea
Republican,Yea,Nay,Nay,Yea,Yea,Nay,Yea,Nay,Nay,Yea,Nay,Nay,Nay,Yea,Yea,Yea
Democrat,Nay,Nay,Yea,Nay,Yea,Yea,Nay,Nay,Nay,Nay,Unknown,Nay,Yea,Yea,Nay,Nay
Republican,Nay,Nay,Nay,Yea,Yea,Yea,Nay,Nay,Nay,Nay,Nay,Yea,Yea,Yea,Yea,Nay
Republican,Nay,Nay,Yea,Yea,Yea,Yea,Yea,Yea,Nay,Yea,Nay,Nay,Nay,Yea,Nay,Yea
Republican,Nay,Nay,Nay,Yea,Yea,Yea,Nay,Nay,Nay,Nay,Nay,Yea,Yea,Yea,Nay,Yea
Republican,Nay,Nay,Nay,Yea,Yea,Yea,Nay,Nay,Nay,Yea,Nay,Yea,Yea,Yea,Nay,Nay
Democrat,Nay,Nay,Yea,Nay,Nay,Nay,Yea,Yea,Yea,Yea,Nay,Nay,Nay,Yea,Nay,Yea
Republican,Yea,Nay,Yea,Yea,Yea,Yea,Yea,Yea,Nay,Nay,Nay,Nay,Nay,Yea,Nay,Unknown
Republican,Yea,Nay,Nay,Yea,Yea,Yea,Nay,Nay,Nay,Yea,Nay,Unknown,Yea,Yea,Nay,Nay
Republican,Nay,Nay,Nay,Yea,Yea,Yea,Nay,Nay,Nay,Nay,Nay,Yea,Yea,Yea,Nay,Yea
Democrat,Nay,Nay,Yea,Nay,Nay,Yea,Yea,Yea,Yea,Yea,Yea,Nay,Nay,Nay,Unknown,Yea
Democrat,Nay,Nay,Yea,Nay,Nay,Yea,Yea,Yea,Yea,Yea,Yea,Nay,Nay,Nay,Yea,Yea
Democrat,Nay,Nay,Yea,Nay,Nay,Yea,Unknown,Yea,Unknown,Yea,Yea,Yea,Nay,Yea,Yea,Unknown
Democrat,Yea,Yea,Yea,Unknown,Nay,Yea,Yea,Yea,Yea,Nay,Yea,Nay,Yea,Nay,Unknown,Yea
Democrat,Yea,Yea,Yea,Nay,Yea,Yea,Nay,Yea,Nay,Yea,Yea,Nay,Yea,Yea,Yea,Yea
Democrat,Yea,Yea,Yea,Nay,Yea,Yea,Nay,Yea,Nay,Yea,Yea,Nay,Yea,Yea,Nay,Unknown
Democrat,Yea,Nay,Yea,Nay,Unknown,Yea,Unknown,Yea,Yea,Yea,Nay,Nay,Yea,Yea,Nay,Yea
Democrat,Yea,Nay,Yea,Nay,Nay,Yea,Yea,Yea,Yea,Yea,Nay,Unknown,Nay,Yea,Nay,Yea
Democrat,Yea,Nay,Yea,Nay,Nay,Yea,Yea,Yea,Nay,Yea,Yea,Nay,Yea,Yea,Yea,Yea
Democrat,Yea,Yea,Yea,Nay,Nay,Yea,Yea,Yea,Yea,Yea,Yea,Nay,Yea,Yea,Yea,Yea
Democrat,Nay,Yea,Yea,Nay,Nay,Yea,Yea,Yea,Nay,Yea,Yea,Nay,Yea,Yea,Nay,Unknown
Republican,Nay,Yea,Nay,Yea,Yea,Yea,Unknown,Unknown,Nay,Yea,Nay,Yea,Unknown,Unknown,Unknown,Unknown
Republican,Nay,Nay,Yea,Yea,Yea,Yea,Nay,Nay,Nay,Yea,Nay,Yea,Yea,Yea,Yea,Yea
Democrat,Yea,Yea,Yea,Nay,Nay,Yea,Yea,Yea,Yea,Yea,Nay,Nay,Unknown,Nay,Yea,Unknown
Democrat,Nay,Yea,Nay,Nay,Nay,Nay,Yea,Yea,Yea,Yea,Yea,Nay,Nay,Nay,Yea,Yea
Democrat,Nay,Yea,Yea,Nay,Nay,Yea,Yea,Yea,Yea,Yea,Nay,Nay,Yea,Yea,Yea,Yea
Republican,Nay,Nay,Nay,Yea,Yea,Nay,Yea,Yea,Yea,Yea,Nay,Yea,Yea,Yea,Nay,Yea
Democrat,Nay,Nay,Unknown,Nay,Nay,Yea,Yea,Yea,Yea,Nay,Nay,Nay,Nay,Nay,Yea,Yea
Republican,Nay,Nay,Nay,Yea,Yea,Yea,Yea,Nay,Nay,Yea,Nay,Yea,Yea,Yea,Nay,Yea
Republican,Nay,Nay,Nay,Yea,Yea,Yea,Nay,Nay,Nay,Nay,Nay,Yea,Yea,Yea,Nay,Nay
Republican,Nay,Yea,Nay,Yea,Yea,Yea,Nay,Nay,Nay,Yea,Nay,Yea,Yea,Yea,Nay,Unknown
Republican,Nay,Nay,Nay,Yea,Yea,Yea,Nay,Nay,Nay,Yea,Nay,Yea,Yea,Yea,Nay,Nay
Republican,Nay,Nay,Nay,Yea,Yea,Yea,Nay,Nay,Nay,Nay,Nay,Yea,Yea,Yea,Nay,Nay
Democrat,Yea,Nay,Yea,Nay,Nay,Yea,Yea,Yea,Yea,Nay,Nay,Nay,Nay,Yea,Nay,Unknown
Republican,Nay,Nay,Nay,Yea,Yea,Yea,Nay,Nay,Nay,Yea,Nay,Yea,Yea,Yea,Nay,Nay
Democrat,Yea,Nay,Nay,Nay,Nay,Yea,Yea,Yea,Yea,Yea,Nay,Nay,Nay,Yea,Yea,Yea
Republican,Nay,Nay,Nay,Yea,Yea,Yea,Nay,Nay,Nay,Yea,Nay,Yea,Yea,Yea,Yea,Nay
Democrat,Nay,Nay,Yea,Nay,Nay,Yea,Yea,Yea,Yea,Yea,Nay,Nay,Yea,Nay,Nay,Yea
Democrat,Yea,Yea,Yea,Nay,Nay,Nay,Yea,Yea,Yea,Yea,Nay,Nay,Nay,Nay,Yea,Yea
Republican,Nay,Yea,Yea,Yea,Yea,Yea,Nay,Nay,Nay,Yea,Nay,Yea,Yea,Yea,Nay,Yea
Republican,Nay,Yea,Nay,Yea,Yea,Yea,Yea,Yea,Nay,Nay,Yea,Yea,Yea,Yea,Yea,Yea
Republican,Nay,Yea,Yea,Yea,Yea,Yea,Yea,Unknown,Nay,Nay,Nay,Nay,Unknown,Unknown,Yea,Unknown
Democrat,Nay,Nay,Nay,Nay,Nay,Yea,Nay,Yea,Yea,Nay,Yea,Yea,Yea,Yea,Yea,Nay
Democrat,Yea,Nay,Nay,Nay,Nay,Nay,Yea,Yea,Yea,Yea,Nay,Nay,Nay,Nay,Yea,Yea
Democrat,Nay,Nay,Yea,Nay,Nay,Nay,Yea,Yea,Yea,Nay,Nay,Nay,Nay,Nay,Yea,Unknown
Democrat,Yea,Nay,Yea,Nay,Nay,Nay,Yea,Yea,Yea,Nay,Nay,Nay,Nay,Nay,Yea,Unknown
Democrat,Nay,Yea,Yea,Nay,Nay,Yea,Nay,Yea,Yea,Yea,Nay,Nay,Yea,Yea,Nay,Yea
Democrat,Yea,Yea,Yea,Nay,Nay,Nay,Yea,Yea,Yea,Yea,Nay,Nay,Yea,Nay,Nay,Yea
Democrat,Yea,Yea,Yea,Nay,Unknown,Yea,Nay,Unknown,Nay,Nay,Yea,Nay,Yea,Yea,Nay,Unknown
Democrat,Yea,Yea,Yea,Nay,Yea,Yea,Nay,Yea,Unknown,Yea,Nay,Nay,Yea,Yea,Nay,Unknown
Republican,Nay,Yea,Nay,Yea,Yea,Yea,Nay,Nay,Nay,Nay,Yea,Yea,Yea,Yea,Nay,Nay
Democrat,Nay,Yea,Nay,Nay,Yea,Yea,Nay,Nay,Unknown,Nay,Nay,Yea,Yea,Yea,Nay,Yea
Democrat,Yea,Yea,Nay,Yea,Nay,Nay,Yea,Yea,Yea,Nay,Yea,Nay,Nay,Yea,Nay,Yea
Republican,Nay,Yea,Nay,Yea,Yea,Yea,Nay,Nay,Nay,Nay,Nay,Yea,Yea,Yea,Nay,Yea
Democrat,Yea,Yea,Yea,Nay,Nay,Nay,Yea,Yea,Yea,Nay,Yea,Nay,Nay,Nay,Nay,Yea
Democrat,Yea,Unknown,Yea,Nay,Nay,Yea,Yea,Yea,Yea,Yea,Nay,Nay,Nay,Nay,Yea,Unknown
Republican,Nay,Yea,Nay,Yea,Yea,Yea,Nay,Nay,Nay,Yea,Nay,Yea,Yea,Yea,Nay,Nay
Democrat,Yea,Unknown,Yea,Nay,Nay,Nay,Yea,Yea,Yea,Nay,Nay,Nay,Nay,Nay,Yea,Unknown
Democrat,Yea,Nay,Yea,Nay,Nay,Nay,Yea,Yea,Yea,Nay,Yea,Nay,Nay,Nay,Yea,Unknown
Democrat,Nay,Nay,Yea,Nay,Nay,Nay,Yea,Yea,Yea,Nay,Nay,Nay,Nay,Nay,Yea,Yea
Democrat,Nay,Yea,Yea,Nay,Nay,Yea,Yea,Yea,Unknown,Nay,Yea,Yea,Nay,Nay,Yea,Yea
Republican,Nay,Nay,Nay,Yea,Yea,Yea,Nay,Nay,Nay,Yea,Yea,Yea,Yea,Yea,Nay,Unknown
Democrat,Nay,Nay,Yea,Nay,Nay,Yea,Yea,Yea,Nay,Nay,Yea,Nay,Nay,Yea,Unknown,Yea
Democrat,Yea,Nay,Yea,Nay,Nay,Nay,Yea,Yea,Yea,Nay,Nay,Nay,Nay,Nay,Yea,Yea
Democrat,Yea,Nay,Yea,Nay,Nay,Nay,Yea,Yea,Yea,Yea,Nay,Nay,Nay,Yea,Yea,Yea
Republican,Yea,Nay,Nay,Yea,Yea,Yea,Nay,Nay,Nay,Nay,Yea,Yea,Yea,Yea,Nay,Nay
Republican,Nay,Nay,Nay,Yea,Yea,Yea,Nay,Nay,Nay,Yea,Yea,Yea,Nay,Yea,Nay,Yea
Democrat,Nay,Unknown,Yea,Unknown,Nay,Yea,Yea,Yea,Yea,Yea,Yea,Nay,Unknown,Unknown,Yea,Yea
Democrat,Nay,Yea,Yea,Nay,Yea,Unknown,Yea,Nay,Nay,Yea,Yea,Nay,Yea,Nay,Yea,Yea
Republican,Nay,Nay,Nay,Yea,Yea,Nay,Yea,Nay,Yea,Yea,Nay,Nay,Nay,Yea,Nay,Yea
Democrat,Nay,Nay,Yea,Nay,Nay,Nay,Yea,Yea,Yea,Yea,Yea,Nay,Nay,Nay,Yea,Yea
Republican,Nay,Nay,Nay,Yea,Yea,Yea,Yea,Nay,Nay,Yea,Nay,Yea,Nay,Yea,Yea,Yea
Republican,Nay,Nay,Nay,Yea,Yea,Yea,Nay,Nay,Nay,Yea,Nay,Yea,Yea,Yea,Nay,Yea
Republican,Yea,Nay,Nay,Yea,Yea,Yea,Nay,Nay,Nay,Yea,Nay,Yea,Yea,Yea,Nay,Nay
Democrat,Yea,Nay,Yea,Nay,Nay,Nay,Yea,Yea,Yea,Yea,Nay,Yea,Nay,Nay,Yea,Unknown
Republican,Nay,Yea,Yea,Yea,Yea,Yea,Yea,Yea,Yea,Nay,Nay,Yea,Yea,Yea,Nay,Yea
Democrat,Nay,Yea,Nay,Nay,Nay,Yea,Yea,Nay,Yea,Nay,Yea,Nay,Nay,Nay,Yea,Yea
Republican,Nay,Nay,Yea,Yea,Yea,Yea,Yea,Yea,Yea,Yea,Nay,Yea,Yea,Yea,Yea,Yea
Democrat,Nay,Yea,Nay,Yea,Nay,Yea,Yea,Yea,Yea,Nay,Yea,Nay,Yea,Nay,Yea,Unknown
Republican,Nay,Nay,Yea,Yea,Yea,Yea,Yea,Nay,Nay,Yea,Yea,Yea,Yea,Yea,Nay,Yea
Democrat,Nay,Yea,Yea,Nay,Nay,Yea,Yea,Yea,Yea,Yea,Nay,Unknown,Nay,Nay,Yea,Yea
Republican,Yea,Nay,Yea,Yea,Nay,Nay,Nay,Yea,Yea,Yea,Nay,Nay,Nay,Yea,Yea,Yea
Republican,Nay,Nay,Nay,Yea,Yea,Yea,Nay,Nay,Nay,Nay,Nay,Yea,Yea,Yea,Nay,Nay
Republican,Nay,Nay,Nay,Yea,Yea,Yea,Nay,Nay,Nay,Nay,Nay,Yea,Yea,Yea,Nay,Nay
Democrat,Yea,Yea,Yea,Nay,Nay,Yea,Yea,Yea,Yea,Yea,Yea,Yea,Yea,Yea,Nay,Unknown
Republican,Nay,Nay,Nay,Yea,Yea,Yea,Nay,Nay,Nay,Yea,Unknown,Yea,Yea,Yea,Nay,Yea
Democrat,Yea,Nay,Yea,Nay,Nay,Yea,Yea,Yea,Yea,Yea,Nay,Nay,Yea,Nay,Nay,Yea
Democrat,Yea,Nay,Yea,Nay,Yea,Yea,Yea,Nay,Yea,Yea,Nay,Nay,Yea,Yea,Nay,Unknown
Democrat,Yea,Yea,Yea,Nay,Nay,Yea,Yea,Yea,Yea,Yea,Yea,Yea,Yea,Nay,Nay,Yea
Republican,Yea,Yea,Nay,Yea,Yea,Yea,Nay,Nay,Nay,Yea,Yea,Nay,Yea,Nay,Nay,Nay
Republican,Yea,Yea,Nay,Yea,Yea,Yea,Nay,Nay,Nay,Nay,Yea,Nay,Yea,Yea,Nay,Yea
Democrat,Nay,Yea,Nay,Nay,Yea,Yea,Nay,Nay,Nay,Yea,Yea,Nay,Yea,Yea,Nay,Nay
Democrat,Yea,Nay,Yea,Nay,Nay,Nay,Yea,Yea,Nay,Yea,Yea,Nay,Nay,Nay,Nay,Unknown
Democrat,Yea,Yea,Yea,Nay,Yea,Yea,Yea,Yea,Nay,Yea,Yea,Nay,Nay,Nay,Yea,Unknown
Democrat,Nay,Yea,Yea,Nay,Nay,Yea,Yea,Yea,Nay,Yea,Nay,Nay,Nay,Nay,Yea,Yea
Republican,Nay,Yea,Nay,Yea,Yea,Yea,Nay,Nay,Nay,Nay,Nay,Nay,Yea,Yea,Nay,Yea
Democrat,Yea,Yea,Yea,Nay,Unknown,Yea,Yea,Yea,Nay,Yea,Unknown,Unknown,Nay,Nay,Yea,Yea
Democrat,Yea,Yea,Yea,Nay,Unknown,Nay,Yea,Yea,Yea,Yea,Nay,Nay,Nay,Nay,Yea,Unknown
Democrat,Nay,Yea,Yea,Yea,Yea,Yea,Nay,Nay,Nay,Nay,Yea,Yea,Unknown,Yea,Nay,Nay
Democrat,Nay,Yea,Yea,Unknown,Yea,Yea,Nay,Yea,Nay,Yea,Unknown,Nay,Yea,Yea,Unknown,Yea
Republican,Nay,Yea,Nay,Yea,Yea,Yea,Nay,Nay,Nay,Nay,Nay,Yea,Yea,Yea,Nay,Yea
Democrat,Nay,Yea,Nay,Yea,Yea,Yea,Nay,Nay,Nay,Nay,Yea,Yea,Nay,Yea,Nay,Nay
Democrat,Yea,Unknown,Yea,Nay,Nay,Nay,Yea,Yea,Yea,Nay,Yea,Nay,Nay,Nay,Yea,Yea
Republican,Nay,Yea,Nay,Yea,Yea,Yea,Unknown,Unknown,Nay,Nay,Unknown,Unknown,Yea,Unknown,Unknown,Unknown
Republican,Nay,Nay,Nay,Yea,Yea,Yea,Nay,Nay,Nay,Nay,Nay,Yea,Yea,Yea,Nay,Yea
Republican,Nay,Nay,Nay,Yea,Yea,Yea,Nay,Nay,Nay,Nay,Nay,Yea,Yea,Yea,Nay,Yea
Democrat,Yea,Yea,Yea,Nay,Nay,Yea,Unknown,Yea,Yea,Nay,Yea,Nay,Yea,Nay,Yea,Yea
Democrat,Yea,Yea,Yea,Nay,Yea,Yea,Yea,Yea,Yea,Yea,Yea,Nay,Yea,Yea,Nay,Unknown
Democrat,Yea,Yea,Nay,Yea,Yea,Yea,Nay,Nay,Nay,Nay,Yea,Nay,Yea,Yea,Nay,Unknown
Democrat,Yea,Yea,Yea,Nay,Yea,Yea,Nay,Yea,Yea,Yea,Yea,Nay,Nay,Nay,Nay,Yea
Democrat,Yea,Yea,Yea,Yea,Yea,Yea,Nay,Nay,Nay,Nay,Yea,Yea,Yea,Yea,Nay,Yea
Democrat,Yea,Yea,Nay,Nay,Yea,Yea,Nay,Nay,Nay,Nay,Yea,Yea,Yea,Yea,Yea,Nay
Democrat,Nay,Unknown,Yea,Nay,Yea,Yea,Nay,Yea,Nay,Nay,Yea,Nay,Nay,Nay,Nay,Unknown
Democrat,Yea,Yea,Yea,Nay,Yea,Yea,Nay,Yea,Yea,Nay,Yea,Nay,Nay,Yea,Nay,Unknown
Democrat,Nay,Yea,Yea,Yea,Yea,Yea,Nay,Nay,Nay,Nay,Nay,Yea,Yea,Yea,Nay,Unknown
Democrat,Yea,Nay,Yea,Nay,Nay,Nay,Yea,Yea,Yea,Unknown,Yea,Nay,Nay,Nay,Yea,Unknown
Democrat,Unknown,Unknown,Nay,Nay,Unknown,Yea,Unknown,Nay,Nay,Nay,Yea,Yea,Nay,Yea,Nay,Unknown
Democrat,Yea,Yea,Nay,Nay,Nay,Nay,Nay,Yea,Yea,Nay,Yea,Nay,Nay,Nay,Yea,Nay
Republican,Yea,Yea,Nay,Yea,Yea,Yea,Nay,Nay,Nay,Nay,Yea,Yea,Yea,Yea,Nay,Yea
Republican,Unknown,Unknown,Unknown,Unknown,Nay,Yea,Nay,Yea,Yea,Nay,Nay,Yea,Yea,Nay,Nay,Unknown
Democrat,Yea,Yea,Unknown,Unknown,Unknown,Yea,Nay,Nay,Nay,Nay,Yea,Nay,Yea,Nay,Nay,Yea
Democrat,Yea,Yea,Yea,Unknown,Nay,Nay,Nay,Yea,Nay,Nay,Yea,Unknown,Nay,Nay,Yea,Yea
Democrat,Yea,Yea,Yea,Nay,Yea,Yea,Nay,Yea,Nay,Nay,Yea,Nay,Yea,Nay,Yea,Yea
Democrat,Yea,Yea,Nay,Nay,Yea,Unknown,Nay,Nay,Nay,Nay,Yea,Nay,Yea,Yea,Nay,Yea
Democrat,Nay,Yea,Yea,Nay,Yea,Yea,Nay,Yea,Nay,Nay,Nay,Nay,Nay,Nay,Nay,Yea
Republican,Nay,Yea,Nay,Yea,Unknown,Yea,Nay,Nay,Nay,Yea,Nay,Yea,Yea,Yea,Nay,Nay
Republican,Nay,Yea,Nay,Yea,Yea,Yea,Nay,Unknown,Nay,Nay,Unknown,Unknown,Unknown,Yea,Nay,Unknown
Republican,Nay,Yea,Nay,Yea,Yea,Yea,Nay,Nay,Nay,Yea,Yea,Yea,Yea,Yea,Nay,Nay
Republican,Unknown,Nay,Yea,Yea,Nay,Yea,Yea,Yea,Yea,Yea,Nay,Yea,Nay,Yea,Nay,Yea
Republican,Nay,Yea,Nay,Yea,Yea,Yea,Nay,Nay,Nay,Yea,Nay,Yea,Unknown,Yea,Nay,Nay
Republican,Yea,Yea,Nay,Yea,Yea,Yea,Nay,Nay,Nay,Yea,Nay,Yea,Yea,Yea,Nay,Yea
Republican,Nay,Nay,Nay,Yea,Yea,Yea,Nay,Nay,Nay,Nay,Nay,Yea,Yea,Yea,Nay,Yea
Democrat,Yea,Nay,Yea,Nay,Yea,Yea,Nay,Nay,Yea,Yea,Nay,Nay,Yea,Yea,Nay,Yea
Democrat,Nay,Nay,Nay,Yea,Yea,Yea,Nay,Nay,Nay,Nay,Yea,Yea,Yea,Yea,Nay,Nay
Democrat,Yea,Nay,Yea,Nay,Nay,Yea,Yea,Yea,Yea,Nay,Nay,Yea,Unknown,Yea,Yea,Yea
Republican,Nay,Nay,Nay,Yea,Yea,Yea,Nay,Nay,Nay,Nay,Nay,Yea,Yea,Yea,Nay,Nay
Republican,Nay,Nay,Nay,Yea,Yea,Yea,Nay,Nay,Nay,Nay,Yea,Yea,Yea,Yea,Nay,Yea
Democrat,Yea,Nay,Yea,Nay,Nay,Yea,Yea,Yea,Yea,Yea,Yea,Nay,Nay,Nay,Nay,Yea
Republican,Nay,Nay,Nay,Yea,Yea,Yea,Nay,Nay,Nay,Yea,Nay,Yea,Yea,Yea,Nay,Yea
Republican,Yea,Yea,Yea,Yea,Yea,Yea,Yea,Yea,Nay,Yea,Unknown,Unknown,Unknown,Yea,Nay,Yea
Democrat,Yea,Yea,Yea,Nay,Nay,Nay,Yea,Yea,Yea,Nay,Nay,Nay,Nay,Nay,Nay,Yea
Democrat,Nay,Yea,Yea,Nay,Nay,Yea,Yea,Yea,Unknown,Yea,Nay,Nay,Nay,Nay,Nay,Yea
Republican,Yea,Yea,Nay,Yea,Yea,Yea,Nay,Nay,Nay,Yea,Nay,Nay,Yea,Yea,Nay,Yea
Democrat,Yea,Yea,Yea,Nay,Nay,Nay,Yea,Yea,Yea,Yea,Yea,Nay,Yea,Nay,Nay,Yea
Democrat,Yea,Yea,Yea,Nay,Nay,Nay,Yea,Yea,Nay,Yea,Nay,Nay,Nay,Nay,Nay,Yea
Democrat,Yea,Yea,Yea,Nay,Nay,Nay,Yea,Yea,Yea,Nay,Nay,Nay,Nay,Nay,Nay,Yea
Republican,Yea,Yea,Yea,Yea,Yea,Yea,Yea,Yea,Nay,Yea,Nay,Nay,Yea,Yea,Nay,Yea
Democrat,Nay,Yea,Yea,Nay,Yea,Yea,Yea,Yea,Nay,Nay,Yea,Nay,Yea,Nay,Yea,Yea
Democrat,Nay,Nay,Yea,Nay,Nay,Yea,Yea,Yea,Yea,Nay,Yea,Nay,Nay,Nay,Yea,Yea
Democrat,Nay,Yea,Yea,Nay,Nay,Yea,Yea,Yea,Yea,Nay,Yea,Nay,Nay,Yea,Yea,Yea
Democrat,Nay,Yea,Yea,Nay,Nay,Unknown,Yea,Yea,Yea,Yea,Yea,Nay,Unknown,Yea,Yea,Yea
Democrat,Nay,Nay,Yea,Nay,Nay,Nay,Yea,Yea,Nay,Yea,Yea,Nay,Nay,Nay,Yea,Unknown
Democrat,Yea,Nay,Yea,Nay,Nay,Nay,Yea,Yea,Yea,Yea,Nay,Nay,Nay,Nay,Yea,Yea
Republican,Nay,Nay,Nay,Yea,Yea,Yea,Yea,Yea,Nay,Yea,Nay,Yea,Yea,Yea,Nay,Yea
Democrat,Unknown,Unknown,Unknown,Nay,Nay,Nay,Yea,Yea,Yea,Yea,Nay,Nay,Yea,Nay,Yea,Yea
Democrat,Yea,Nay,Yea,Nay,Unknown,Nay,Yea,Yea,Yea,Yea,Nay,Yea,Nay,Unknown,Yea,Yea
Republican,Nay,Nay,Yea,Yea,Yea,Yea,Nay,Nay,Yea,Yea,Nay,Yea,Yea,Yea,Nay,Yea
Democrat,Nay,Nay,Yea,Nay,Nay,Nay,Yea,Yea,Yea,Yea,Nay,Nay,Nay,Nay,Nay,Yea
Republican,Nay,Unknown,Nay,Yea,Yea,Yea,Nay,Nay,Nay,Nay,Yea,Yea,Yea,Yea,Nay,Yea
Republican,Nay,Nay,Nay,Yea,Yea,Yea,Unknown,Unknown,Unknown,Unknown,Nay,Yea,Yea,Yea,Nay,Yea
Republican,Nay,Yea,Nay,Yea,Yea,Yea,Nay,Nay,Nay,Yea,Nay,Yea,Yea,Yea,Unknown,Nay