Genre,Artist,Title,Loudness score,Tempo in beats per minute,Duration in seconds,Year,Weeks on the Billboard Top 100,Billboard rank peak
classic pop and rock,Jackie Wilson,Lonely Teardrops,-7.753,75,159,1958,21,7
classic pop and rock,Jackie Wilson,Danny Boy,-12.002,99,208,1958,3,94
classic pop and rock,Little Richard,Baby Face,-15.271,94,149,1958,10,41
classic pop and rock,Brook Benton,It's Just A Matter Of Time,-17.509,99,146,1959,18,3
classic pop and rock,Jim Reeves,He'll Have To Go,-14.882,82,142,1959,23,2
classic pop and rock,Big Bopper,Chantilly Lace,-14.298,175,143,1959,25,6
classic pop and rock,Big Bopper,Big Bopper's Wedding,-9.328,193,130,1959,7,38
classic pop and rock,Big Bopper,Little Red Riding Hood,-8.925,164,130,1959,4,72
classic pop and rock,Jackie Wilson,We Have Love,-13.18,105,142,1959,2,93
classic pop and rock,Jackie Wilson,You Better Know It,-12.655,157,119,1959,10,37
soul and reggae,Sam Cooke,Only Sixteen,-15.195,113,117,1959,10,28
soul and reggae,Sam Cooke,Win Your Love For Me,-11.073,135,165,1959,17,33
classic pop and rock,Brook Benton,The Same One,-19.862,101,153,1960,12,16
classic pop and rock,Johnny Tillotson,Poetry In Motion,-10.265,136,151,1960,15,2
classic pop and rock,Ben E. King,Spanish Harlem,-18.702,125,178,1960,16,10
soul and reggae,Sam Cooke,Wonderful World,-16.714,86,128,1960,15,12
classic pop and rock,Brook Benton,For My Baby,-15.254,100,181,1961,8,28
classic pop and rock,Brook Benton,Shadrack,-18.923,159,145,1961,9,19
classic pop and rock,Brook Benton,The Ties That Bind,-21.926,161,173,1961,9,37
classic pop and rock,Brook Benton,Endlessly,-15.535,134,140,1961,13,12
classic pop and rock,Brook Benton,So Many Ways,-15.445,77,153,1961,16,6
classic pop and rock,Johnny Tillotson,Without You,-13.152,97,129,1961,13,7
classic pop and rock,Ben E. King,Stand By Me,-11.694,59,165,1961,35,4
classic pop and rock,Ben E. King,Amor,-9.383,101,176,1961,10,18
classic pop and rock,Del Shannon,Runaway,-9.506,150,139,1961,17,1
classic pop and rock,Del Shannon,Hats Off To Larry,-10.357,156,125,1961,13,5
classic pop and rock,Gene Chandler,Duke Of Earl,-16.869,103,142,1961,15,1
classic pop and rock,The Miracles,Way Over There,-5.01,126,177,1961,3,94
classic pop and rock,Gary U.S. Bonds,School Is Out,-19.067,157,122,1961,11,5
classic pop and rock,Ben E. King,Young Boy Blues,-17.095,86,143,1962,6,66
classic pop and rock,Neil Sedaka,Breaking Up Is Hard To Do,-3.039,115,139,1962,14,8
classic pop and rock,The Supremes,Let Me Go The Right Way,-6.994,145,222,1962,6,90
classic pop and rock,Del Shannon,Cry Myself To Sleep,-12.135,128,138,1962,99,99
classic pop and rock,Gene Chandler,Rainbow,-13.466,171,360,1962,12,47
classic pop and rock,Gene Chandler,You Threw A Lucky Punch,-11.815,113,156,1962,8,49
classic pop and rock,The Miracles,I'll Try Something New,-10.768,108,157,1962,10,39
classic pop and rock,The Miracles,You've Really Got A Hold On Me,-11.753,117,204,1962,16,8
classic pop and rock,Bobby Vinton,I Love You The Way You Are,-16.711,61,178,1962,9,38
classic pop and rock,Bobby Vinton,Mr. Lonely,-14.622,166,160,1962,15,1
classic pop and rock,Bobby Vinton,Roses Are Red (My Love),-11.39,40,157,1962,15,1
classic pop and rock,The Supremes,When The Lovelight Starts Shining Through His Eyes,-1.402,92,185,1963,11,23
classic pop and rock,The Surfaris,Surfer Joe,-14.027,140,219,1963,6,62
classic pop and rock,The Surfaris,Point Panic,-13.967,191,127,1963,8,49
classic pop and rock,The Surfaris,Wipe Out,-10.648,155,133,1963,30,2
classic pop and rock,Betty Everett,You're No Good,-13.231,109,146,1963,10,51
classic pop and rock,Lesley Gore,It's My Party,-9.676,131,134,1963,13,1
classic pop and rock,Lesley Gore,You Don't Own Me,-7.821,96,151,1963,13,2
classic pop and rock,Lesley Gore,She's A Fool,-8.401,121,130,1963,15,5
classic pop and rock,Lesley Gore,Judy's Turn To Cry,-11.443,130,133,1963,11,5
classic pop and rock,Del Shannon,Little Town Flirt,-7.839,124,169,1963,14,12
classic pop and rock,Del Shannon,The Swiss Maid,-16.927,174,125,1963,5,64
classic pop and rock,Martha & The Vandellas,Quicksand,-4.858,96,170,1963,12,8
classic pop and rock,Martha & The Vandellas,Heat Wave,-4.51,100,168,1963,14,4
classic pop and rock,The Miracles,I Gotta Dance To Keep From Crying,-8.941,158,159,1963,10,35
classic pop and rock,The Miracles,Mickey's Monkey,-8.146,96,311,1963,12,8
classic pop and rock,Bobby Vinton,Blue On Blue,-16.349,97,145,1963,13,3
classic pop and rock,Bobby Vinton,Blue Velvet,-9.581,83,169,1963,15,1
soul and reggae,Wilson Pickett,If You Need Me,-15.068,86,159,1963,6,64
soul and reggae,Wilson Pickett,It's Too Late,-12.531,92,193,1963,10,49
classic pop and rock,Jim Reeves,I Won't Forget You,-19.908,87,119,1964,3,93
classic pop and rock,The Nashville Teens,Tobacco Road,-7.414,136,146,1964,11,14
classic pop and rock,Ben E. King,I (Who Have Nothing),-16.801,77,139,1964,12,29
classic pop and rock,The Zombies,She's Not There,-5.69,128,172,1964,15,2
classic pop and rock,Irma Thomas,Wish Someone Would Care,-8.899,163,148,1964,12,17
classic pop and rock,The Supremes,Baby Love,-12.889,135,157,1964,13,1
classic pop and rock,The Supremes,Come See About Me,-11.365,127,158,1964,14,1
classic pop and rock,The Supremes,Where Did Our Love Go,-5.813,135,214,1964,14,1
classic pop and rock,Betty Everett,Getting Mighty Crowded,-14.375,125,130,1964,6,65
classic pop and rock,Lesley Gore,Maybe I Know,-11.648,124,157,1964,10,14
classic pop and rock,Lesley Gore,Hey Now,-12.047,120,137,1964,6,76
classic pop and rock,Lesley Gore,Look Of Love,-10.427,136,117,1964,9,27
classic pop and rock,Del Shannon,Handy Man,-10.918,151,131,1964,10,22
classic pop and rock,Martha & The Vandellas,Wild One,-3.2,134,164,1964,7,34
classic pop and rock,Martha & The Vandellas,Live Wire,-3.03,101,150,1964,7,42
classic pop and rock,Martha & The Vandellas,Dancing In The Street,-2.639,126,159,1964,14,2
classic pop and rock,Martha & The Vandellas,In My Lonely Room,-7.807,160,144,1964,6,44
classic pop and rock,Bobby Vinton,Tell Me Why,-16.772,155,160,1964,8,13
classic pop and rock,Bobby Vinton,Over The Mountain (Across The Sea),-19.682,104,149,1964,10,21
classic pop and rock,Bobby Vinton,Let's Kiss And Make Up,-15.784,42,151,1964,9,38
classic pop and rock,Bobby Vinton,My Heart Belongs To Only You,-11.061,108,164,1964,9,9
classic pop and rock,Bobby Vinton,There! I've Said It Again,-12.557,78,143,1964,13,1
soul and reggae,Brenda Holloway,Every Little Bit Hurts,-9.177,145,219,1964,10,13
soul and reggae,Sam Cooke,Tennessee Waltz,-9.601,93,190,1964,8,35
classic pop and rock,The Seeds,Pushin' Too Hard,-11.982,140,169,1965,11,36
classic pop and rock,The Seeds,Can't Seem To Make You Mine,-13.538,105,157,1965,7,41
classic pop and rock,The Zombies,Tell Her No,-5.638,90,125,1965,11,6
classic pop and rock,Fontella Bass,Rescue Me,-10.748,123,176,1965,13,4
classic pop and rock,The Supremes,Back In My Arms Again,-1.699,121,177,1965,11,1
classic pop and rock,Bobby Fuller Four,I Fought The Law,-9.791,152,136,1965,11,9
classic pop and rock,Jr. Walker & The All Stars,Cleo's Mood,-11.382,107,165,1965,6,50
classic pop and rock,Jr. Walker & The All Stars,(I'm A) Road Runner,-5.051,125,167,1965,12,20
classic pop and rock,Jr. Walker & The All Stars,Cleo's Back,-13.783,107,162,1965,8,43
classic pop and rock,Jr. Walker & The All Stars,Do The Boomerang,-5.021,105,140,1965,7,36
classic pop and rock,Jr. Walker & The All Stars,Shotgun,-10.791,111,251,1965,14,4
classic pop and rock,Del Shannon,Keep Searchin' (We'll Follow The Sun),-11.011,150,129,1965,14,9
classic pop and rock,Del Shannon,Stranger In Town,-11.422,154,150,1965,6,30
classic pop and rock,Martha & The Vandellas,Nowhere To Run,-2.143,130,171,1965,11,8
classic pop and rock,Sonny & Cher,Baby Don't Go,-6.643,122,192,1965,12,8
classic pop and rock,Sonny & Cher,I Got You Babe,-5.517,110,192,1965,14,1
classic pop and rock,The Mamas & The Papas,California Dreamin',-10.937,113,159,1965,17,4
classic pop and rock,Bobby Vinton,L-O-N-E-L-Y,-12.013,197,147,1965,8,22
classic pop and rock,Bobby Vinton,Long Lonely Nights,-10.655,102,150,1965,7,17
classic pop and rock,Dobie Gray,"The ""In"" Crowd",-10.07,123,163,1965,9,13
soul and reggae,Brenda Holloway,When I'm Gone,-5.759,139,127,1965,9,25
soul and reggae,Sam Cooke,Shake,-8.555,152,171,1965,11,7
soul and reggae,Wilson Pickett,In The Midnight Hour,-9.469,143,251,1965,12,21
classic pop and rock,The Mindbenders,A Groovy Kind Of Love,-10.397,97,119,1966,13,2
classic pop and rock,Frankie Valli,The Proud One,-7.211,117,180,1966,6,68
classic pop and rock,The Seeds,Mr. Farmer,-14.713,125,175,1966,2,86
classic pop and rock,Jim Reeves,I Missed Me,-17.712,86,153,1966,6,44
classic pop and rock,Jim Reeves,Distant Drums,-13.199,96,171,1966,7,45
classic pop and rock,Barbra Streisand & Barry Gibb,Guilty,-13.596,156,272,1966,22,3
classic pop and rock,Fontella Bass,Safe And Sound,-6.808,123,159,1966,100,100
classic pop and rock,The Supremes,You Can't Hurry Love,-8.747,192,182,1966,13,1
classic pop and rock,Percy Sledge,When A Man Loves A Woman,-10.289,96,176,1966,13,1
classic pop and rock,James & Bobby Purify,I'm Your Puppet,-8.448,95,179,1966,14,6
classic pop and rock,Marianne Faithfull,Go Away From My World,-11.478,127,160,1966,3,89
classic pop and rock,Marianne Faithfull,Summer Nights,-16.016,126,114,1966,9,24
classic pop and rock,Jr. Walker & The All Stars,How Sweet It Is (To Be Loved By You),-6.03,185,180,1966,11,18
classic pop and rock,Jr. Walker & The All Stars,Pucker Up Buttercup,-5.976,127,177,1966,8,31
classic pop and rock,The Elgins,Heaven Must Have Sent You,-4.734,139,152,1966,8,50
classic pop and rock,The Elgins,Darling Baby,-4.697,113,156,1966,8,72
classic pop and rock,The Elgins,Put Yourself In My Place,-5.276,116,147,1966,4,92
classic pop and rock,Martha & The Vandellas,Jimmy Mack,-6.838,130,210,1966,14,10
classic pop and rock,Sonny & Cher,What Now My Love,-12.255,153,171,1966,8,14
classic pop and rock,The Mamas & The Papas,Words Of Love,-6.692,116,134,1966,12,5
classic pop and rock,The Mamas & The Papas,Look Through My Window,-14.062,105,202,1966,7,24
classic pop and rock,The Mamas & The Papas,I Saw Her Again,-7.696,122,192,1966,9,5
classic pop and rock,The Mamas & The Papas,Do You Wanna Dance,-13.534,109,177,1966,5,76
classic pop and rock,The Mamas & The Papas,Dancing In The Street,-11.959,123,223,1966,6,73
soul and reggae,Wilson Pickett,Land Of 1000 Dances,-7.436,87,144,1966,11,6
classic pop and rock,The O'Jays,Lonely Drifter,-8.699,114,159,1967,3,93
classic pop and rock,The Box Tops,Neon Rainbow,-15.921,118,183,1967,9,24
classic pop and rock,The Box Tops,The Letter,-7.46,136,114,1967,16,1
classic pop and rock,Country Joe & The Fish,Not So Sweet Martha Lorraine,-19.35,110,262,1967,2,95
classic pop and rock,The Supremes,The Happening,-9.712,128,156,1967,11,1
classic pop and rock,The Supremes,Love Is Here And Now You're Gone,-5.121,115,169,1967,11,1
classic pop and rock,Jimmy Ruffin,What Becomes Of The Brokenhearted,-11.129,96,181,1967,17,7
classic pop and rock,Jimmy Ruffin,I've Passed This Way Before,-7.926,112,182,1967,11,17
classic pop and rock,Jimmy Ruffin,Gonna Give Her All The Love I've Got,-7.822,136,169,1967,7,29
classic pop and rock,Percy Sledge,Warm And Tender Love,-12.546,82,202,1967,9,17
classic pop and rock,Percy Sledge,Love Me Tender,-14.787,99,186,1967,6,40
classic pop and rock,Sonny & Cher,The Beat Goes On,-12.456,119,141,1967,11,6
classic pop and rock,Glen Campbell,Hey Little One,-9.703,87,153,1967,7,54
classic pop and rock,Glen Campbell,By The Time I Get To Phoenix,-11.931,170,163,1967,11,26
classic pop and rock,The Young Rascals,Groovin',-14.151,107,149,1967,13,1
classic pop and rock,The Mamas & The Papas,Glad To Be Unhappy,-8.477,110,104,1967,7,26
classic pop and rock,The Mamas & The Papas,Creeque Alley,-11.883,146,229,1967,9,5
classic pop and rock,The Mamas & The Papas,Dedicated To The One I Love,-9.382,104,178,1967,10,2
classic pop and rock,Erma Franklin,Piece Of My Heart,-10.253,164,155,1967,8,62
classic pop and rock,The Tremeloes,Here Comes My Baby,-8.042,90,172,1967,12,13
classic pop and rock,The Tremeloes,Silence Is Golden,-9.849,112,186,1967,14,11
soul and reggae,Brenda Holloway,Just Look What You've Done,-9.954,117,173,1967,5,69
soul and reggae,Brenda Holloway,You've Made Me So Very Happy,-9.742,101,170,1967,10,39
classic pop and rock,The Box Tops,I Met Her In Church,-11.73,113,162,1968,6,37
classic pop and rock,The Box Tops,Choo Choo Train,-11.111,113,171,1968,8,26
classic pop and rock,The Box Tops,Cry Like A Baby,-12.613,133,152,1968,15,2
classic pop and rock,Steppenwolf,Born To Be Wild,-12.578,146,346,1968,13,2
classic pop and rock,Steppenwolf,Magic Carpet Ride,-12.354,119,260,1968,16,3
classic pop and rock,Lou Rawls,Down Here On The Ground,-10.847,114,190,1968,5,69
classic pop and rock,Joe South,Games People Play,-9.564,86,213,1968,12,12
classic pop and rock,Percy Sledge,Out Of Left Field,-15.678,118,206,1968,7,59
classic pop and rock,Percy Sledge,Take Time To Know Her,-9.494,161,208,1968,14,11
classic pop and rock,Percy Sledge,Cover Me,-9.144,83,190,1968,8,42
classic pop and rock,Percy Sledge,Sudden Stop,-7.447,141,196,1968,5,63
classic pop and rock,The Lemon Pipers,Green Tambourine,-8.352,110,147,1968,13,1
classic pop and rock,Glen Campbell,Dreams Of The Everyday Housewife,-12.988,183,127,1968,8,32
classic pop and rock,Bobbie Gentry,Okolona River Bottom Band,-11.908,116,185,1968,4,54
classic pop and rock,The Mamas & The Papas,For The Love Of Ivy,-12.011,109,224,1968,5,81
classic pop and rock,The Mamas & The Papas,Safe In My Garden,-13.932,86,195,1968,6,53
classic pop and rock,Johnny Nash,Hold Me Tight,-10.609,90,163,1968,15,5
classic pop and rock,Johnny Nash,Cupid,-8.784,88,204,1968,14,39
folk,Jerry Jeff Walker,Mr. Bojangles,-9.412,143,340,1968,5,77
folk,Judy Collins,Someday Soon,-8.57,137,220,1968,6,55
soul and reggae,Sly & The Family Stone,M'Lady,-11.385,132,466,1968,3,93
soul and reggae,Sly & The Family Stone,Dance To The Music,-8.057,128,179,1968,15,8
classic pop and rock,The Box Tops,I Shall Be Released,-12.962,74,167,1969,5,67
classic pop and rock,The Box Tops,Soul Deep,-9.843,121,148,1969,14,18
classic pop and rock,Norman Greenbaum,Spirit In The Sky,-8.17,129,240,1969,15,3
classic pop and rock,Steppenwolf,Move Over,-10.303,90,172,1969,9,31
classic pop and rock,Steppenwolf,Rock Me,-6.049,126,219,1969,10,10
classic pop and rock,Steppenwolf,It's Never Too Late,-8.003,156,244,1969,5,51
classic pop and rock,Jimmy Ruffin,I'll Say Forever My Love,-6.854,104,178,1969,5,77
classic pop and rock,Jimmy Ruffin,Don't You Miss Me A Little Bit Baby,-5.99,97,178,1969,5,68
classic pop and rock,Jr. Walker & The All Stars,What Does It Take (To Win Your Love),-10.554,111,145,1969,16,4
classic pop and rock,Jr. Walker & The All Stars,These Eyes,-4.608,100,214,1969,13,16
classic pop and rock,The Meters,Cissy Strut,-12.685,176,186,1969,11,23
classic pop and rock,The Meters,Ease Back,-10.574,155,195,1969,6,61
classic pop and rock,The Meters,Sophisticated Cissy,-11.01,143,177,1969,8,34
classic pop and rock,Three Dog Night,Try A Little Tenderness,-12.213,96,251,1969,12,29
classic pop and rock,Glen Campbell,Galveston,-17.215,119,151,1969,12,4
classic pop and rock,Bobbie Gentry,Fancy,-18.633,70,259,1969,14,31
classic pop and rock,Carpenters,Ticket To Ride,-12.59,90,253,1969,12,54
classic pop and rock,Sir Douglas Quintet,Mendocino,-8.862,132,187,1969,15,27
classic pop and rock,Sir Douglas Quintet,She's About A Mover,-11.772,90,182,1969,12,13
pop,David Ruffin,My Whole World Ended (The Moment You Left Me),-9.478,110,208,1969,10,9
pop,David Ruffin,I've Lost Everything I've Ever Loved,-9.446,104,175,1969,5,58
soul and reggae,Sly & The Family Stone,I Want To Take You Higher,-6.796,103,321,1969,16,38
soul and reggae,Sly & The Family Stone,Stand!,-10.003,108,188,1969,8,22
soul and reggae,Sly & The Family Stone,Everyday People,-10.992,115,140,1969,19,1
soul and reggae,Sly & The Family Stone,Sing A Simple Song,-9.249,59,314,1969,4,89
soul and reggae,Sly & The Family Stone,Hot Fun In The Summertime,-11.029,98,159,1969,16,2
classic pop and rock,Derek & The Dominos,Bell Bottom Blues,-12.026,133,306,1970,2,91
classic pop and rock,R. Dean Taylor,Indiana Wants Me,-10.631,87,187,1970,15,5
classic pop and rock,R. Dean Taylor,Gotta See Jane,-5.211,90,186,1970,4,67
classic pop and rock,R. Dean Taylor,Ain't It A Sad Thing,-3.937,172,148,1970,5,66
classic pop and rock,Steppenwolf,Hey Lawdy Mama,-7.427,94,177,1970,8,35
classic pop and rock,The Supremes,Up The Ladder To The Roof,-8.59,120,196,1970,11,10
classic pop and rock,The Supremes,Stoned Love,-7.772,124,174,1970,14,7
classic pop and rock,Eric Carmen,All By Myself,-8.1,117,295,1970,19,2
classic pop and rock,Bread,Make It With You,-12.407,85,187,1970,17,1
classic pop and rock,Freda Payne,Band Of Gold,-5.267,108,221,1970,20,3
classic pop and rock,Glen Campbell,It's Only Make Believe,-6.879,123,141,1970,12,10
classic pop and rock,Carpenters,Please Mr. Postman,-11.794,133,173,1970,17,1
classic pop and rock,Carpenters,We've Only Just Begun,-9.175,80,187,1970,17,2
classic pop and rock,Carpenters,(They Long To Be) Close To You,-14.746,134,276,1970,17,1
folk,Judy Collins,Amazing Grace,-16.511,60,232,1970,15,15
folk,Livingston Taylor,Carolina Day,-15.764,94,188,1970,2,93
classic pop and rock,Carly Simon,Anticipation,-12.254,95,292,1971,13,13
classic pop and rock,J.J. Cale,After Midnight,-18.229,96,147,1971,11,42
classic pop and rock,J.J. Cale,Crazy Mama,-19.602,144,145,1971,14,22
classic pop and rock,Jean Knight,Mr. Big Stuff,-9.487,186,165,1971,16,2
classic pop and rock,Steppenwolf,For Ladies Only,-10.695,127,217,1971,7,64
classic pop and rock,Steppenwolf,Monster,-11.467,113,236,1971,8,39
classic pop and rock,Steppenwolf,Ride With Me,-9.307,91,205,1971,8,52
classic pop and rock,Steppenwolf,Screaming Night Hog,-8.608,86,198,1971,7,62
classic pop and rock,The Osmonds,One Bad Apple,-13.066,67,171,1971,15,1
classic pop and rock,Bill Withers,Grandma's Hands,-12.605,82,120,1971,8,42
classic pop and rock,Bill Withers,Ain't No Sunshine,-13.799,159,125,1971,16,3
classic pop and rock,The Bar-Kays,Son Of Shaft,-11.223,233,191,1971,10,53
classic pop and rock,Boz Scaggs,We Were Always Sweethearts,-12.061,129,210,1971,6,61
classic pop and rock,Jr. Walker & The All Stars,Way Back Home,-6.36,92,247,1971,9,52
classic pop and rock,Jr. Walker & The All Stars,Walk In The Night,-4.964,107,249,1971,12,46
classic pop and rock,Bread,If,-16.05,97,156,1971,12,4
classic pop and rock,Bread,Let Your Love Go,-10.281,93,141,1971,10,28
classic pop and rock,Carpenters,For All We Know,-14.996,191,46,1971,13,3
classic pop and rock,Humble Pie,I Don't Need No Doctor,-6.355,138,609,1971,8,73
folk,Kris Kristofferson,Loving Her Was Easier (Than Anything I'll Ever Do Again),-8.975,88,205,1971,13,26
soul and reggae,Al Green,Tired Of Being Alone,-10.171,98,170,1971,19,11
soul and reggae,Sly & The Family Stone,Runnin' Away,-14.947,104,176,1971,10,23
soul and reggae,Sly & The Family Stone,Family Affair,-12.27,108,185,1971,14,1
classic pop and rock,The O'Jays,Back Stabbers,-8.659,92,496,1972,15,3
classic pop and rock,Carly Simon,You're So Vain,-11.931,108,285,1972,17,1
classic pop and rock,Carly Simon,The Right Thing To Do,-13.817,100,169,1972,13,17
classic pop and rock,Neil Sedaka,Little Devil,-5.204,153,162,1972,9,11
classic pop and rock,The Osmonds,Down By The Lazy River,-6.567,140,148,1972,14,4
classic pop and rock,The Osmonds,Hold Her Tight,-7.339,135,196,1972,9,14
classic pop and rock,The Osmonds,Yo-Yo,-7.563,139,191,1972,13,3
classic pop and rock,The Osmonds,Crazy Horses,-6.061,120,151,1972,12,14
classic pop and rock,The Supremes,Automatically Sunshine,-9.113,128,173,1972,9,37
classic pop and rock,Albert Hammond,Down By The River,-7.154,99,189,1972,7,91
classic pop and rock,Albert Hammond,It Never Rains In Southern California,-8.297,116,231,1972,16,5
classic pop and rock,Bill Withers,Use Me,-8.551,99,517,1972,12,2
classic pop and rock,Bill Withers,Lean On Me,-11.937,71,356,1972,19,1
classic pop and rock,Bachman-Turner Overdrive,Gimme Your Money Please,-5.539,137,282,1972,5,70
classic pop and rock,Bachman-Turner Overdrive,Blue Collar,-12.287,132,370,1972,6,68
classic pop and rock,Steely Dan,Do It Again,-13.226,125,352,1972,17,6
classic pop and rock,The Doobie Brothers,Jesus Is Just Alright,-6.203,137,292,1972,11,35
classic pop and rock,The Doobie Brothers,Listen To The Music,-7.363,110,330,1972,13,11
classic pop and rock,Bread,Everything I Own,-13.241,161,186,1972,13,5
classic pop and rock,Sonny & Cher,All I Ever Need Is You,-9.542,159,161,1972,15,7
classic pop and rock,Sonny & Cher,When You Say Love,-14.858,95,149,1972,10,32
classic pop and rock,Carpenters,I Won't Last A Day Without You,-10.223,167,234,1972,12,11
classic pop and rock,Carpenters,Hurting Each Other,-11.064,97,169,1972,12,2
classic pop and rock,Carpenters,Goodbye To Love,-11.813,162,238,1972,10,7
classic pop and rock,Johnny Nash,I Can See Clearly Now,-8.068,124,164,1972,20,1
classic pop and rock,Johnny Nash,Stir It Up,-7.113,169,184,1972,14,12
classic pop and rock,Donny Osmond,Puppy Love,-12.613,102,171,1972,12,3
classic pop and rock,Jermaine Jackson,That's How Love Goes,-6.727,173,208,1972,11,46
classic pop and rock,Jermaine Jackson,Daddy's Home,-8.887,81,183,1972,18,9
folk,Kris Kristofferson,Why Me,-16.533,163,210,1972,38,16
soul and reggae,Al Green,I'm Still In Love With You,-12.066,98,196,1972,12,3
soul and reggae,Al Green,Let's Stay Together,-12.957,203,201,1972,16,1
soul and reggae,Al Green,Look What You Done For Me,-15.287,96,187,1972,12,4
classic pop and rock,The O'Jays,Put Your Hands Together,-7.639,153,245,1973,16,10
classic pop and rock,The O'Jays,For The Love Of Money,-14.402,194,441,1973,16,9
classic pop and rock,The Pointer Sisters,Yes We Can Can,-9.421,188,337,1973,16,11
classic pop and rock,First Choice,Smarty Pants,-12.688,86,176,1973,8,56
classic pop and rock,First Choice,Newsy Neighbors,-11.802,127,204,1973,2,97
classic pop and rock,First Choice,Armed And Extremely Dangerous,-6.001,123,167,1973,14,28
classic pop and rock,The Manhattans,There's No Me Without You,-11.679,127,218,1973,11,43
classic pop and rock,Paul McCartney And Wings,Jet,-5.48,129,245,1973,14,7
classic pop and rock,The Osmonds,Let Me In,-10.065,77,250,1973,10,36
classic pop and rock,The Osmonds,Goin' Home,-7.766,97,149,1973,8,36
classic pop and rock,Bobby Womack,Nobody Wants You When You're Down And Out,-9.327,179,177,1973,15,29
classic pop and rock,The Supremes,Bad Weather,-10.841,109,308,1973,87,87
classic pop and rock,Albert Hammond,The Peacemaker,-13.181,170,159,1973,4,80
classic pop and rock,Bachman-Turner Overdrive,Takin' Care Of Business,-12.409,130,292,1973,20,12
classic pop and rock,Bachman-Turner Overdrive,Let It Ride,-10.251,104,265,1973,15,23
classic pop and rock,Steely Dan,My Old School,-13.116,127,335,1973,9,63
classic pop and rock,Steely Dan,Show Biz Kids,-12.283,120,315,1973,8,61
classic pop and rock,Suzi Quatro,Can The Can,-7.312,134,213,1973,4,56
classic pop and rock,Suzi Quatro,All Shook Up,-7.426,147,228,1973,3,85
classic pop and rock,The Doobie Brothers,Long Train Runnin',-6.227,119,210,1973,18,8
classic pop and rock,The Doobie Brothers,China Grove,-5.983,147,242,1973,13,15
classic pop and rock,Anne Murray,Danny's Song,-13.138,144,188,1973,18,7
classic pop and rock,Yvonne Elliman,I Don't Know How To Love Him,-12.121,143,213,1973,10,28
classic pop and rock,Dobie Gray,Drift Away,-14.442,99,216,1973,21,5
classic pop and rock,Carpenters,Yesterday Once More,-12.533,84,238,1973,14,2
classic pop and rock,Carpenters,Sing,-15.808,140,198,1973,14,3
soul and reggae,Al Green,You Ought To Be With Me,-12.314,107,200,1973,15,3
soul and reggae,Sly & The Family Stone,Frisky,-13.839,187,192,1973,2,79
classic pop and rock,The Pointer Sisters,Fairytale,-12.853,131,303,1974,16,13
classic pop and rock,The Tymes,You Little Trustmaker,-12.789,124,168,1974,13,12
classic pop and rock,The Tymes,So Much In Love,-18.897,77,135,1974,15,1
classic pop and rock,The Zombies,She's Coming Home,-9.475,125,157,1974,6,58
classic pop and rock,Jefferson Starship,Ride The Tiger,-9.543,131,309,1974,5,84
classic pop and rock,The Osmonds,Love Me For A Reason,-6.792,144,247,1974,13,10
classic pop and rock,George McCrae,I Get Lifted,-12.961,100,168,1974,9,37
classic pop and rock,George McCrae,Look At You,-11.013,72,302,1974,95,95
classic pop and rock,George McCrae,Rock Your Baby,-13.633,104,199,1974,17,1
classic pop and rock,Albert Hammond,Half A Million Miles From Home,-9.246,94,181,1974,5,87
classic pop and rock,Tavares,Check It Out,-14.947,125,207,1974,12,35
classic pop and rock,Bachman-Turner Overdrive,Roll On Down The Highway,-11.3,140,238,1974,11,14
classic pop and rock,Johnny Bristol,Hang On In There Baby,-7.717,96,234,1974,17,8
classic pop and rock,KC And The Sunshine Band,Queen Of Clubs,-12.101,133,199,1974,5,66
classic pop and rock,Steely Dan,Rikki Don't Lose That Number,-12.953,116,274,1974,19,4
classic pop and rock,Steely Dan,Pretzel Logic,-11.235,95,273,1974,5,57
classic pop and rock,The Doobie Brothers,Eyes Of Silver,-5.815,115,193,1974,8,52
classic pop and rock,Three Dog Night,The Show Must Go On,-11.162,101,207,1974,19,4
classic pop and rock,Three Dog Night,Play Something Sweet (Brickyard Blues),-9.297,112,291,1974,12,33
classic pop and rock,Bobby Vinton,My Melody Of Love,-11.771,84,188,1974,17,3
classic pop and rock,Commodores,I Feel Sanctified,-7.594,110,158,1974,8,75
classic pop and rock,Commodores,Machine Gun,-5.909,227,157,1974,13,22
classic pop and rock,First Class,Beach Baby,-11.01,136,285,1974,17,4
soul and reggae,Al Green,Sha-La-La (Make Me Happy),-10.423,111,178,1974,19,7
soul and reggae,Sly & The Family Stone,Time For Livin',-11.655,87,199,1974,12,32
classic pop and rock,The Trammps,Zing Went The Strings Of My Heart,-9.159,122,196,1975,11,64
classic pop and rock,The Trammps,Hold Back The Night,-15.223,130,208,1975,10,35
classic pop and rock,Jefferson Starship,Play On Love,-10.551,89,223,1975,6,49
classic pop and rock,The Osmonds,The Proud One,-9.875,97,182,1975,11,22
classic pop and rock,Bobby Womack,Check It Out,-8.324,111,230,1975,3,91
classic pop and rock,Bill Withers,Make Love To Your Mind,-11.322,84,384,1975,8,76
classic pop and rock,Tavares,Free Ride,-9.083,123,178,1975,6,52
classic pop and rock,Tavares,It Only Takes A Minute,-8.457,123,240,1975,18,10
classic pop and rock,Bachman-Turner Overdrive,Down To The Line,-5.657,124,243,1975,7,43
classic pop and rock,Bachman-Turner Overdrive,Hey You,-12.638,119,217,1975,12,21
classic pop and rock,KC And The Sunshine Band,Get Down Tonight,-9.532,113,194,1975,15,1
classic pop and rock,Eric Carmen,She Did It,-7.883,113,226,1975,16,23
classic pop and rock,Eric Carmen,Change Of Heart,-7.762,101,218,1975,16,19
classic pop and rock,Eric Carmen,Sunrise,-5.499,129,322,1975,10,34
classic pop and rock,Eric Carmen,Boats Against The Current,-12.154,112,264,1975,3,88
classic pop and rock,Eric Carmen,Make Me Lose Control,-7.522,113,362,1975,20,3
classic pop and rock,Glen Campbell,Rhinestone Cowboy,-4.027,116,179,1975,23,1
classic pop and rock,Gloria Gaynor,Never Can Say Goodbye,-9.483,126,179,1975,17,9
classic pop and rock,Gloria Gaynor,How High The Moon,-11.555,120,208,1975,5,75
classic pop and rock,Gloria Gaynor,Walk On By,-8.583,118,346,1975,98,98
classic pop and rock,Gloria Gaynor,(If You Want It) Do It Yourself,-9.938,110,359,1975,2,98
classic pop and rock,Commodores,Sweet Love,-9.69,104,522,1975,23,5
classic pop and rock,Commodores,Slippery When Wet,-7.073,203,197,1975,15,19
folk,Emmylou Harris,If I Could Only Win Your Love,-10.972,111,155,1975,5,58
folk,Judy Collins,Send In The Clowns,-16.619,92,255,1975,27,19
pop,David Ruffin,Walk Away From Love,-9.569,103,328,1975,15,9
jazz and blues,Natalie Cole,Inseparable,-19.362,66,148,1975,17,32
soul and reggae,Al Green,Call Me (Come Back Home),-15.095,100,183,1975,11,10
classic pop and rock,Blue Oyster Cult,(Don't Fear) The Reaper,-8.489,141,308,1976,20,12
classic pop and rock,Heatwave,Boogie Nights,-7.53,120,215,1976,27,2
classic pop and rock,Heatwave,Always And Forever,-15.24,153,288,1976,20,18
classic pop and rock,Frankie Valli,We're All Alone,-11.48,125,248,1976,3,78
classic pop and rock,Deniece Williams,Free,-16.803,181,359,1976,20,25
classic pop and rock,The Manhattans,Kiss And Say Goodbye,-13.365,128,267,1976,26,1
classic pop and rock,The Manhattans,Hurt,-12.049,137,183,1976,2,97
classic pop and rock,Lou Rawls,You'll Never Find Another Love Like Mine,-7.625,110,270,1976,21,2
classic pop and rock,Lou Rawls,Groovy People,-7.188,145,198,1976,5,64
classic pop and rock,Jefferson Starship,With Your Love,-11.913,122,215,1976,17,12
classic pop and rock,Jefferson Starship,St. Charles,-11.286,86,400,1976,5,64
classic pop and rock,The Bar-Kays,Shake Your Rump To The Funk,-8.36,112,209,1976,16,23
classic pop and rock,Bachman-Turner Overdrive,Take It Like A Man,-12.91,148,223,1976,7,33
classic pop and rock,KC And The Sunshine Band,I Like To Do It,-9.52,110,176,1976,12,37
classic pop and rock,KC And The Sunshine Band,Keep It Comin' Love,-6.673,111,269,1976,20,2
classic pop and rock,KC And The Sunshine Band,I'm Your Boogie Man,-10.4,113,244,1976,23,1
classic pop and rock,Boz Scaggs,Lowdown,-5.703,117,316,1976,22,3
classic pop and rock,Steely Dan,The Fez,-10.443,99,241,1976,5,59
classic pop and rock,Steely Dan,Kid Charlemagne,-12.247,100,269,1976,3,82
classic pop and rock,Thin Lizzy,The Boys Are Back In Town,-8.087,163,269,1976,17,12
classic pop and rock,Thelma Houston,Don't Leave Me This Way,-4.305,121,217,1976,24,1
classic pop and rock,Thelma Houston,If It's The Last Thing I Do,-9.213,139,186,1976,11,47
classic pop and rock,The Doobie Brothers,Takin' It To The Streets,-6.929,98,283,1976,14,13
classic pop and rock,Maxine Nightingale,Right Back Where We Started From,-12.106,148,191,1976,20,2
classic pop and rock,Yvonne Elliman,Love Me,-8.044,150,200,1976,19,14
classic pop and rock,Commodores,Fancy Dancer,-7.187,100,265,1976,9,39
classic pop and rock,Commodores,Just To Be Close To You,-11.907,100,208,1976,16,7
classic pop and rock,Carpenters,I Need To Be In Love,-14.782,144,227,1976,11,25
classic pop and rock,Rose Royce,I Wanna Get Next To You,-9.752,130,242,1976,17,10
classic pop and rock,Rose Royce,I'm Going Down,-12.086,94,217,1976,7,70
classic pop and rock,Rose Royce,Car Wash,-7.984,120,288,1976,23,1
soul and reggae,The Jacksons,Show You The Way To Go,-13.996,109,330,1976,10,28
soul and reggae,The Jacksons,Enjoy Yourself,-14.323,101,207,1976,21,6
classic pop and rock,Carly Simon,Nobody Does It Better,-10.922,135,223,1977,25,2
classic pop and rock,Cheap Trick,Ain't That A Shame,-11.039,137,309,1977,10,35
classic pop and rock,Cheap Trick,I Want You To Want Me,-8.608,103,225,1977,19,7
classic pop and rock,Grace Jones,I Need A Man,-15.721,132,204,1977,6,83
classic pop and rock,Lou Rawls,See You When I Git There,-10.64,124,189,1977,7,66
classic pop and rock,Lou Rawls,Lady Love,-12.613,181,240,1977,17,24
classic pop and rock,Chic,Everybody Dance,-6.634,121,358,1977,10,38
classic pop and rock,The Marcels,Blue Moon,-11.983,128,138,1977,14,1
classic pop and rock,Bill Withers,Lovely Day,-12.606,99,257,1977,12,30
classic pop and rock,Tavares,More Than A Woman,-13.097,111,169,1977,21,32
classic pop and rock,Ram Jam,Black Betty,-9.414,120,237,1977,17,18
classic pop and rock,Boz Scaggs,Hollywood,-11.007,107,191,1977,10,49
classic pop and rock,Steely Dan,Peg,-10.406,117,240,1977,19,11
classic pop and rock,Steely Dan,Deacon Blues,-13.842,116,449,1977,16,19
classic pop and rock,Glen Campbell,Southern Nights,-16.961,172,239,1977,21,1
classic pop and rock,Yvonne Elliman,If I Can't Have You,-7.571,109,177,1977,22,1
classic pop and rock,Gloria Gaynor,I Will Survive,-11.24,118,222,1977,27,1
classic pop and rock,Commodores,Brick House,-8.156,215,216,1977,16,5
classic pop and rock,Commodores,Easy,-9.984,84,444,1977,22,4
classic pop and rock,Commodores,Too Hot Ta Trot,-6.868,120,341,1977,12,24
classic pop and rock,Carpenters,All You Get From Love Is A Love Song,-12.204,121,225,1977,10,35
classic pop and rock,Rose Royce,Ooh Boy,-11.903,101,259,1977,11,72
folk,Jesse Winchester,Nothing But A Breeze,-17.793,117,250,1977,3,86
folk,Karla Bonoff,I Can't Hold On,-9.742,134,193,1977,4,76
soul and reggae,The Jacksons,Goin' Places,-12.714,90,268,1977,7,52
classic pop and rock,The Pointer Sisters,Happiness,-8.406,107,346,1978,10,30
classic pop and rock,The Pointer Sisters,Fire,-8.065,115,306,1978,23,2
classic pop and rock,Heatwave,The Groove Line,-11.966,120,255,1978,17,7
classic pop and rock,Carly Simon,You Belong To Me,-9.375,110,231,1978,18,6
classic pop and rock,Cheap Trick,Surrender,-7.944,132,265,1978,8,62
classic pop and rock,Third World,Now That We Found Love,-14.362,236,500,1978,8,47
classic pop and rock,Chic,Le Freak,-14.735,120,210,1978,25,1
classic pop and rock,Jefferson Starship,Runaway,-13.997,88,322,1978,16,12
classic pop and rock,Jefferson Starship,Crazy Feelin',-11.589,128,218,1978,6,54
classic pop and rock,Jefferson Starship,Count On Me,-11.777,112,195,1978,14,8
classic pop and rock,Player,Baby Come Back,-10.377,157,213,1978,32,1
classic pop and rock,Andrew Gold,Never Let Her Slip Away,-8.468,113,203,1978,8,67
classic pop and rock,KC And The Sunshine Band,Do You Feel All Right,-7.481,122,310,1978,5,63
classic pop and rock,KC And The Sunshine Band,It's The Same Old Song,-9.131,88,262,1978,10,35
classic pop and rock,Joe Jackson,Is She Really Going Out With Him?,-12.146,116,217,1978,15,21
classic pop and rock,Suzi Quatro,If You Can't Give Me Love,-7.997,134,234,1978,8,45
classic pop and rock,The Doobie Brothers,Dependin' On You,-6.644,131,249,1978,12,25
classic pop and rock,The Doobie Brothers,Here To Love You,-14.082,78,241,1978,5,65
classic pop and rock,The Doobie Brothers,What A Fool Believes,-9.802,121,221,1978,20,1
classic pop and rock,Gene Chandler,What Now,-12.887,92,173,1978,8,40
classic pop and rock,Journey,Lights,-9.901,111,211,1978,17,68
classic pop and rock,Journey,Anytime,-7.436,160,265,1978,4,83
classic pop and rock,Rose Royce,Love Don't Live Here Anymore,-13.375,128,437,1978,11,32
soul and reggae,The Jacksons,Blame It On The Boogie,-11.659,115,421,1978,6,54
soul and reggae,The Jacksons,Shake Your Body (Down To The Ground),-13.109,117,480,1978,22,7
classic pop and rock,Cheap Trick,Dream Police,-11.486,149,284,1979,10,26
classic pop and rock,Chic,Good Times,-6.74,114,577,1979,19,1
classic pop and rock,Jefferson Starship,Girl With The Hungry Eyes,-7.982,136,210,1979,6,55
classic pop and rock,Split Enz,I Got You,-11.714,126,210,1979,11,53
classic pop and rock,KC And The Sunshine Band,Please Don't Go,-8.053,97,227,1979,26,1
classic pop and rock,KC And The Sunshine Band,Do You Wanna Go Party,-10.478,123,226,1979,10,50
classic pop and rock,Patti Smith Group,Frederick,-8.305,126,184,1979,3,90
classic pop and rock,Anita Ward,Ring My Bell,-5.87,128,236,1979,21,1
classic pop and rock,Suzi Quatro,I've Never Been In Love,-6.479,173,182,1979,8,44
classic pop and rock,Suzi Quatro,She's In Love With You,-10.784,126,215,1979,11,41
classic pop and rock,38 Special,Rockin' Into The Night,-5.561,128,242,1979,9,43
classic pop and rock,Jon & Vangelis,I Hear You Now,-15.654,115,312,1979,6,58
classic pop and rock,Teddy Pendergrass,Turn Off The Lights,-11.85,59,396,1979,6,48
classic pop and rock,Gene Chandler,Groovy Situation,-10.559,93,172,1979,15,12
classic pop and rock,Sister Sledge,He's The Greatest Dancer,-15.401,108,203,1979,19,9
classic pop and rock,Sister Sledge,We Are Family,-13.866,122,195,1979,19,2
classic pop and rock,Herb Alpert,Rotation,-10.654,105,313,1979,13,30
classic pop and rock,Herb Alpert,Rise,-7.963,99,457,1979,25,1
classic pop and rock,Pat Benatar,Heartbreaker,-9.067,156,209,1979,18,23
classic pop and rock,Journey,Just The Same Way,-9.957,100,199,1979,8,58
classic pop and rock,Commodores,Still,-16.092,65,349,1979,20,1
classic pop and rock,Commodores,Sail On,-14.067,142,238,1979,17,4
classic pop and rock,Commodores,Wonderland,-12.0,152,326,1979,15,25
classic pop and rock,Dobie Gray,Loving Arms,-16.81,78,169,1979,11,61
classic pop and rock,Harold Melvin And The Blue Notes,If You Don't Know Me By Now,-8.734,94,201,1979,17,3
folk,Karla Bonoff,Baby Don't Go,-13.483,117,198,1979,7,69
folk,Lindisfarne,Run For Home,-12.278,132,262,1979,14,33
classic pop and rock,The Pointer Sisters,He's So Shy,-6.947,115,216,1980,26,3
classic pop and rock,The Manhattans,Shining Star,-11.438,149,280,1980,25,5
classic pop and rock,Southside Johnny & The Asbury Jukes,I'm So Anxious,-7.762,120,185,1980,4,71
classic pop and rock,The Gap Band,Yearning For Your Love,-8.701,182,344,1980,7,60
classic pop and rock,Boz Scaggs,Look What You've Done To Me,-13.239,128,319,1980,17,14
classic pop and rock,Boz Scaggs,Miss Sun,-12.442,104,333,1980,17,14
classic pop and rock,Steely Dan,Hey Nineteen,-16.561,120,306,1980,19,10
classic pop and rock,38 Special,Fantasy Girl,-10.969,124,244,1980,10,52
classic pop and rock,Irene Cara,Out Here On My Own,-18.38,83,194,1980,23,19
classic pop and rock,Irene Cara,Fame,-12.091,131,315,1980,26,4
classic pop and rock,Journey,Any Way You Want It,-9.638,138,204,1980,15,23
classic pop and rock,Journey,Walks Like A Lady,-10.553,139,432,1980,13,32
classic pop and rock,Jermaine Jackson,Let's Get Serious,-11.708,108,479,1980,23,9
soul and reggae,The Jacksons,Lovely One,-14.332,130,389,1980,18,12
soul and reggae,The Jacksons,Can You Feel It,-13.303,135,367,1980,5,77
soul and reggae,The Jacksons,Walk Right Now,-7.803,131,456,1980,4,73
classic pop and rock,Blue Oyster Cult,Burnin' For You,-8.722,135,272,1981,14,40
classic pop and rock,The Pointer Sisters,Should I Do It,-9.063,131,231,1981,16,13
classic pop and rock,The Pointer Sisters,Slow Hand,-8.706,104,296,1981,24,2
classic pop and rock,Jefferson Starship,Find Your Way Back,-9.692,126,255,1981,13,29
classic pop and rock,Jefferson Starship,Stranger,-6.405,142,284,1981,11,48
classic pop and rock,Tom Tom Club,Genius Of Love,-10.751,103,335,1981,17,31
classic pop and rock,Change,Hold Tight,-5.55,123,251,1981,2,89
classic pop and rock,Jon & Vangelis,I'll Find My Way Home,-13.011,172,271,1981,9,51
classic pop and rock,Journey,Open Arms,-12.125,102,199,1981,18,2
classic pop and rock,Carpenters,(Want You) Back In My Life Again,-12.057,127,219,1981,8,72
classic pop and rock,Jermaine Jackson,I'm Just Too Shy,-10.087,108,225,1981,8,60
classic pop and rock,Gary U.S. Bonds,This Little Girl,-10.863,145,221,1981,18,11
classic pop and rock,The Pointer Sisters,I'm So Excited,-10.441,182,234,1982,40,9
classic pop and rock,Carly Simon,Why,-6.563,93,208,1982,6,74
classic pop and rock,Deniece Williams,It's Gonna Take A Miracle,-8.981,97,199,1982,17,10
classic pop and rock,The Weather Girls,It's Raining Men,-3.573,122,193,1982,11,46
classic pop and rock,Neil Sedaka,Let's Go Steady Again,-12.413,143,156,1982,9,26
classic pop and rock,Neil Sedaka,I Go Ape,-6.803,161,152,1982,8,42
classic pop and rock,Neil Sedaka,Stairway To Heaven,-2.344,84,160,1982,15,9
classic pop and rock,Jefferson Starship,Be My Lady,-9.815,108,231,1982,16,28
classic pop and rock,Jefferson Starship,Winds Of Change,-9.494,128,231,1982,11,38
classic pop and rock,The Gap Band,Outstanding,-13.479,99,197,1982,8,51
classic pop and rock,The Gap Band,Early In The Morning,-11.051,121,459,1982,14,24
classic pop and rock,The Gap Band,You Dropped A Bomb On Me,-11.327,125,315,1982,13,31
classic pop and rock,38 Special,Caught Up In You,-5.705,132,281,1982,17,10
classic pop and rock,Steve Winwood,Valerie,-11.574,116,247,1982,24,9
classic pop and rock,John Waite,Change,-6.927,149,195,1982,10,54
classic pop and rock,Sister Sledge,My Guy,-7.247,122,226,1982,15,23
classic pop and rock,Commodores,Oh No,-17.509,86,178,1982,20,4
folk,Karla Bonoff,Please Be The One,-16.366,90,248,1982,7,63
folk,Karla Bonoff,Personally,-12.105,104,218,1982,18,19
soul and reggae,Lionel Richie,My Love,-13.106,66,246,1982,16,5
soul and reggae,Wilson Pickett,Engine Number 9,-7.387,194,386,1982,13,14
classic pop and rock,Cyndi Lauper,She Bop,-7.398,140,320,1983,18,3
classic pop and rock,Cyndi Lauper,All Through The Night,-7.05,114,288,1983,19,5
classic pop and rock,Cyndi Lauper,Money Changes Everything,-6.091,125,276,1983,13,27
classic pop and rock,Cyndi Lauper,Girls Just Want To Have Fun,-3.617,121,229,1983,25,2
classic pop and rock,The Belle Stars,Sign Of The Times,-8.204,114,174,1983,4,75
classic pop and rock,Huey Lewis & The News,If This Is It,-12.568,147,234,1983,17,6
classic pop and rock,Huey Lewis & The News,I Want A New Drug,-12.482,110,286,1983,19,6
classic pop and rock,Huey Lewis & The News,Heart And Soul,-11.215,122,252,1983,21,8
classic pop and rock,Huey Lewis & The News,Walking On A Thin Line,-13.239,128,311,1983,15,18
classic pop and rock,Joe Jackson,Memphis,-12.719,138,336,1983,4,85
classic pop and rock,Pat Benatar,Love Is A Battlefield,-5.265,181,322,1983,22,5
classic pop and rock,Journey,Separate Ways (Worlds Apart),-6.128,132,324,1983,17,8
classic pop and rock,Journey,Faithfully,-6.276,132,258,1983,16,12
soul and reggae,Lionel Richie,Stuck On You,-7.089,145,254,1983,19,3
soul and reggae,Lionel Richie,Running With The Night,-12.57,120,357,1983,19,7
soul and reggae,Lionel Richie,All Night Long (All Night),-12.656,109,261,1983,24,1
soul and reggae,Lionel Richie,Penny Lover,-10.55,100,227,1983,18,8
soul and reggae,Lionel Richie,Hello,-14.215,117,250,1983,24,1
classic pop and rock,The Pointer Sisters,Neutron Dance,-7.901,105,255,1984,23,6
classic pop and rock,The Pointer Sisters,Baby Come And Get It,-3.879,124,257,1984,11,44
classic pop and rock,The Pointer Sisters,I Need You,-5.211,106,242,1984,15,48
classic pop and rock,The Pointer Sisters,Automatic,-10.449,60,367,1984,20,5
classic pop and rock,Deniece Williams,Next Love,-10.873,125,274,1984,4,81
classic pop and rock,Deniece Williams,Let's Hear It For The Boy,-10.482,123,361,1984,19,1
classic pop and rock,The Style Council,You're The Best Thing,-6.742,167,343,1984,5,76
classic pop and rock,The Style Council,My Ever Changing Moods,-17.515,124,252,1984,14,29
classic pop and rock,Jocelyn Brown,Somebody Else's Guy,-8.633,109,245,1984,10,75
classic pop and rock,Alison Moyet,Invisible,-10.445,97,240,1984,17,31
classic pop and rock,Alison Moyet,Love Resurrection,-10.875,123,230,1984,4,82
classic pop and rock,Nik Kershaw,Wouldn't It Be Good,-5.859,123,218,1984,13,46
classic pop and rock,Jefferson Starship,Layin' It On The Line,-8.106,119,251,1984,6,66
classic pop and rock,Cameo,She's Strange,-8.022,109,226,1984,11,47
classic pop and rock,John Waite,Missing You,-8.561,103,208,1984,24,1
classic pop and rock,John Waite,Restless Heart,-8.226,134,270,1984,8,59
classic pop and rock,Pat Benatar,We Belong,-11.133,135,223,1984,20,5
classic pop and rock,Commodores,Old-Fashion Love,-11.888,108,203,1984,16,20
classic pop and rock,Jermaine Jackson,Do What You Do,-10.192,113,265,1984,20,13
classic pop and rock,Jermaine Jackson,Dynamite,-7.821,191,361,1984,17,15
soul and reggae,The Jacksons,Body,-12.665,82,306,1984,7,47
classic pop and rock,The Pointer Sisters,Dare Me,-10.626,109,380,1985,18,11
classic pop and rock,Jeannie C. Riley,Harper Valley P.T.A.,-16.986,119,196,1985,13,1
classic pop and rock,Baltimora,Living In The Background,-12.576,123,368,1985,4,87
classic pop and rock,Cheap Trick,Tonight It's You,-6.951,117,287,1985,17,44
classic pop and rock,Mr. Mister,Kyrie,-8.031,90,254,1985,20,1
classic pop and rock,Mr. Mister,Broken Wings,-8.614,98,284,1985,22,1
classic pop and rock,Mr. Mister,Is It Love,-5.707,116,222,1985,17,8
classic pop and rock,Simply Red,Holding Back The Years,-9.693,86,269,1985,23,1
classic pop and rock,Percy Sledge,My Special Prayer,-9.747,99,183,1985,4,93
classic pop and rock,Luther Vandross,'Til My Baby Comes Home,-13.92,140,332,1985,16,29
classic pop and rock,John Waite,Every Step Of The Way,-7.655,120,251,1985,12,25
classic pop and rock,Sister Sledge,Frankie,-7.749,166,257,1985,8,75
classic pop and rock,Lone Justice,Ways To Be Wicked,-8.326,124,210,1985,6,71
classic pop and rock,Commodores,Nightshift,-8.829,105,304,1985,22,3
jazz and blues,Natalie Cole,Dangerous,-10.857,135,229,1985,10,57
soul and reggae,Whitney Houston,You Give Good Love,-8.449,150,275,1985,21,3
soul and reggae,Whitney Houston,How Will I Know,-16.381,119,239,1985,24,1
soul and reggae,Ashford & Simpson,Solid,-9.988,101,253,1985,24,12
classic pop and rock,Brook Benton,Revenge,-26.469,87,139,1986,10,15
classic pop and rock,Brook Benton,Lie To Me,-11.082,99,130,1986,10,13
classic pop and rock,Brook Benton,It's Just A House Without You,-12.635,109,147,1986,5,45
classic pop and rock,Cyndi Lauper,True Colors,-11.162,86,226,1986,20,1
classic pop and rock,Cyndi Lauper,What's Going On,-6.274,74,231,1986,13,12
classic pop and rock,Cutting Crew,(I Just) Died In Your Arms,-9.906,125,263,1986,19,1
classic pop and rock,Cutting Crew,One For The Mockingbird,-9.405,144,266,1986,11,38
classic pop and rock,Luther Vandross,Stop To Love,-7.429,144,263,1986,19,15
classic pop and rock,Cameo,Back And Forth,-7.71,112,226,1986,8,50
classic pop and rock,Cameo,Word Up,-12.43,116,264,1986,21,6
classic pop and rock,Cameo,Candy,-12.284,147,342,1986,17,21
classic pop and rock,Len Barry,1-2-3,-9.286,127,142,1986,15,2
classic pop and rock,Steve Winwood,Freedom Overspill,-14.776,95,337,1986,15,20
classic pop and rock,Robbie Nevil,Dominoes,-11.893,124,288,1986,16,14
classic pop and rock,Robbie Nevil,Wot's It To Ya,-12.485,183,228,1986,16,10
classic pop and rock,Robbie Nevil,C'est La Vie,-11.974,102,270,1986,23,2
classic pop and rock,Lone Justice,Shelter,-13.841,120,276,1986,12,47
classic pop and rock,Journey,I'll Be Alright Without You,-6.655,98,291,1986,21,14
soul and reggae,Lionel Richie,Se La,-9.813,132,496,1986,13,20
soul and reggae,Lionel Richie,Deep River Woman,-13.689,135,280,1986,8,71
soul and reggae,Lionel Richie,Love Will Conquer All,-10.53,98,341,1986,18,9
soul and reggae,Lionel Richie,Dancing On The Ceiling,-4.603,136,383,1986,17,2
soul and reggae,Lionel Richie,Ballerina Girl,-8.647,103,165,1986,18,7
classic pop and rock,Bill Medley & Jennifer Warnes,(I've Had) The Time Of My Life,-7.934,109,289,1987,21,1
classic pop and rock,Carly Simon,Give Me All Night,-6.304,107,265,1987,12,61
classic pop and rock,Carly Simon,Coming Around Again,-11.326,87,293,1987,17,18
classic pop and rock,Mr. Mister,Something Real (Inside Me/Inside You),-10.58,110,264,1987,11,29
classic pop and rock,Neil Sedaka,Bad Blood,-9.005,149,189,1987,14,1
classic pop and rock,Neil Sedaka,That's When The Music Takes Me,-8.624,137,191,1987,10,27
classic pop and rock,Swing Out Sister,Twilight World,-11.488,113,389,1987,15,31
classic pop and rock,Percy Sledge,It Tears Me Up,-12.666,106,169,1987,11,20
classic pop and rock,George McCrae,I Can't Leave You Alone,-6.197,120,283,1987,6,50
classic pop and rock,Al Martino,I Love You Because,-12.91,89,162,1987,16,3
classic pop and rock,Betty Everett,The Shoop Shoop Song (It's In His Kiss),-10.622,122,136,1987,13,6
classic pop and rock,Danny Wilson,Mary's Prayer,-12.587,135,235,1987,20,23
classic pop and rock,John Waite,Don't Lose Any Sleep,-12.23,105,228,1987,4,81
classic pop and rock,Jennifer Warnes,Right Time Of The Night,-9.43,94,173,1987,22,6
classic pop and rock,The Miracles,The Tracks Of My Tears,-4.104,98,180,1987,12,16
classic pop and rock,Suzanne Vega,Solitude Standing,-5.575,146,282,1987,3,94
classic pop and rock,Suzanne Vega,Luka,-6.171,125,232,1987,19,3
classic pop and rock,Archie Bell & The Drells,Tighten Up,-7.319,223,169,1987,15,1
classic pop and rock,Living In A Box,Living In A Box,-10.707,111,184,1987,15,17
classic pop and rock,Living In A Box,So The Story Goes,-12.971,101,262,1987,4,81
classic pop and rock,The Chordettes,Never On Sunday,-8.13,126,159,1987,12,13
soul and reggae,Whitney Houston,Love Will Save The Day,-9.988,121,264,1987,16,9
soul and reggae,Whitney Houston,Run To You,-7.609,84,265,1987,20,31
soul and reggae,Whitney Houston,So Emotional,-10.063,119,279,1987,19,1
soul and reggae,Whitney Houston,Didn't We Almost Have It All,-10.808,131,308,1987,17,1
soul and reggae,Whitney Houston,Where Do Broken Hearts Go,-8.184,124,275,1987,18,1
classic pop and rock,Cheap Trick,The Flame,-7.59,98,408,1988,27,1
classic pop and rock,Milli Vanilli,Girl You Know It's True,-6.023,65,198,1988,26,2
classic pop and rock,Milli Vanilli,All Or Nothing,-5.196,101,201,1988,14,4
classic pop and rock,Jim Reeves,The Blizzard,-18.752,128,199,1988,4,62
classic pop and rock,The Nashville Teens,Find My Way Back Home,-8.223,94,143,1988,2,98
classic pop and rock,Johnny Tillotson,Talk Back Trembling Lips,-16.919,139,157,1988,13,7
classic pop and rock,Johnny Tillotson,Why Do I Love You So,-12.778,87,124,1988,14,42
classic pop and rock,Johnny Tillotson,I'm So Lonesome I Could Cry,-11.972,81,174,1988,89,89
classic pop and rock,The Pasadenas,Tribute (Right On),-10.84,107,311,1988,10,52
classic pop and rock,Neil Sedaka,Oh! Carol,-6.166,134,135,1988,18,9
classic pop and rock,Al Martino,Volare,-10.84,121,191,1988,10,33
classic pop and rock,Al Martino,Here In My Heart,-12.192,77,191,1988,4,86
classic pop and rock,Tavares,Don't Take Away The Music,-8.932,128,374,1988,12,34
classic pop and rock,Jane Wiedlin,Rush Hour,-8.444,143,246,1988,19,9
classic pop and rock,Jane Wiedlin,Inside A Dream,-11.106,123,213,1988,7,57
classic pop and rock,Steve Winwood,Hearts On Fire,-12.761,120,318,1988,9,53
classic pop and rock,The Jeff Healey Band,Angel Eyes,-7.436,131,352,1988,22,5
classic pop and rock,Eric Carmen,Reason To Try,-6.089,122,216,1988,3,87
classic pop and rock,The Robert Cray Band,Don't Be Afraid Of The Dark,-12.196,113,226,1988,6,74
classic pop and rock,Inner City,Good Life,-9.926,81,242,1988,11,73
classic pop and rock,The Miracles,Going To A Go-Go,-3.648,130,169,1988,12,11
soul and reggae,Whitney Houston,One Moment In Time,-8.053,95,285,1988,17,5
classic pop and rock,The Pointer Sisters,Goldmine,-7.853,108,391,1989,13,33
classic pop and rock,Milli Vanilli,Blame It On The Rain,-6.002,98,249,1989,23,1
classic pop and rock,Milli Vanilli,Girl I'm Gonna Miss You,-9.679,151,398,1989,22,1
classic pop and rock,Jim Reeves,I Know One,-15.16,144,104,1989,2,82
classic pop and rock,Jim Reeves,Is It Really Over?,-16.856,81,133,1989,6,79
classic pop and rock,Tom Petty,A Face In The Crowd,-13.338,106,240,1989,8,46
classic pop and rock,Tom Petty,Runnin' Down A Dream,-9.226,170,263,1989,14,23
classic pop and rock,Tom Petty,I Won't Back Down,-6.173,114,176,1989,15,12
classic pop and rock,Cyndi Lauper,My First Night Without You,-10.236,104,182,1989,6,62
classic pop and rock,Cyndi Lauper,I Drove All Night,-10.6,131,252,1989,15,6
classic pop and rock,The Manhattans,I Kinda Miss You,-11.702,115,318,1989,8,46
classic pop and rock,The Manhattans,It Feels So Good To Be Loved So Bad,-9.184,157,277,1989,18,66
classic pop and rock,The Manhattans,Don't Take Your Love,-12.487,136,207,1989,10,37
classic pop and rock,Neil Sedaka,The Diary,-6.242,117,141,1989,15,14
classic pop and rock,Simply Red,It's Only Love,-7.688,92,299,1989,9,57
classic pop and rock,Sinitta,Right Back Where We Started From,-4.793,146,437,1989,4,84
classic pop and rock,The Marcels,Heartaches,-11.038,142,153,1989,12,7
classic pop and rock,The Kingsmen,Money,-15.684,108,184,1989,11,16
classic pop and rock,Cutting Crew,(Between A) Rock And A Hard Place,-9.309,118,257,1989,5,77
classic pop and rock,Jimmy Ruffin,Maria (You Were The Only One),-11.505,164,187,1989,2,97
classic pop and rock,Luther Vandross,Here And Now,-9.661,70,461,1989,27,6
classic pop and rock,Tavares,She's Gone,-9.431,95,220,1989,16,50
classic pop and rock,The Doobie Brothers,The Doctor,-5.153,151,230,1989,14,9
classic pop and rock,Lesley Gore,California Nights,-12.692,125,169,1989,14,16
classic pop and rock,The Mamas & The Papas,Twelve Thirty (Young Girls Are Coming To The Canyon),-7.899,114,203,1989,6,20
classic pop and rock,Gary U.S. Bonds,Dear Lady Twist,-15.596,145,142,1989,16,9
jazz and blues,Natalie Cole,Miss You Like Crazy,-7.35,131,233,1989,19,7
classic pop and rock,Marshall Hain,Dancing In The City,-12.163,204,225,1990,11,43
classic pop and rock,Jim Reeves,Billy Bayou,-11.166,166,124,1990,95,95
classic pop and rock,Jim Reeves,Adios Amigo,-19.967,80,151,1990,6,90
classic pop and rock,Jim Reeves,I Guess I'm Crazy,-12.653,91,145,1990,5,82
classic pop and rock,Jim Reeves,Am I Losing You,-13.629,79,138,1990,11,31
classic pop and rock,Jean Knight,You Think You're Hot Stuff,-13.869,178,149,1990,5,57
classic pop and rock,Nancy Sinatra,Good Time Girl,-9.182,110,200,1990,5,65
classic pop and rock,The Archies,Sunshine,-15.396,114,202,1990,7,57
classic pop and rock,The Marcels,My Melancholy Baby,-11.147,135,148,1990,5,58
classic pop and rock,The Marcels,Summertime,-6.695,126,135,1990,3,78
classic pop and rock,The Whispers,Innocent,-7.883,104,317,1990,11,55
classic pop and rock,The Farm,Groovy Train,-8.81,116,246,1990,16,41
classic pop and rock,James & Bobby Purify,Shake A Tail Feather,-7.561,102,128,1990,9,25
classic pop and rock,Jesus Jones,Real Real Real,-12.056,110,189,1990,20,4
classic pop and rock,John Waite,If Anybody Had A Heart,-8.53,88,269,1990,6,76
classic pop and rock,Spin Doctors,Little Miss Can't Be Wrong,-8.597,117,234,1990,20,17
classic pop and rock,Oleta Adams,Get Here,-9.832,108,273,1990,23,5
classic pop and rock,Del Shannon,Sue's Gotta Be Mine,-7.664,132,121,1990,7,71
classic pop and rock,White Plains,My Baby Loves Lovin',-9.959,127,165,1990,15,13
soul and reggae,Whitney Houston,Miracle,-9.877,111,343,1990,14,9
soul and reggae,Whitney Houston,My Name Is Not Susan,-7.579,101,278,1990,10,20
soul and reggae,Whitney Houston,I'm Your Baby Tonight,-7.299,126,305,1990,19,1
soul and reggae,Solomon Burke,Can't Nobody Love You,-11.882,92,154,1990,6,66
classic pop and rock,Tone-Loc,All Through The Night,-11.533,177,295,1991,7,80
classic pop and rock,Cheap Trick,She's Tight,-10.964,155,183,1991,7,65
classic pop and rock,Cheap Trick,If You Want My Love,-6.677,112,210,1991,11,45
classic pop and rock,Steppenwolf,Straight Shootin' Woman,-5.995,149,245,1991,9,29
classic pop and rock,Neil Sedaka,King Of Clowns,-4.33,96,161,1991,9,45
classic pop and rock,Lou Rawls,A Natural Man,-7.882,112,222,1991,18,17
classic pop and rock,Voice Of The Beehive,Monsters And Angels,-9.47,163,218,1991,7,74
classic pop and rock,Luther Vandross,The Rush,-7.401,125,405,1991,7,73
classic pop and rock,Luther Vandross,Don't Want To Be A Fool,-8.267,95,275,1991,20,9
classic pop and rock,38 Special,The Sound Of Your Voice,-9.485,136,298,1991,15,33
classic pop and rock,Robbie Nevil,Just Like You,-11.213,98,246,1991,14,25
classic pop and rock,Herb Alpert,This Guy's In Love With You,-10.703,84,240,1991,14,1
classic pop and rock,Bobby Vinton,Sealed With A Kiss,-12.53,87,168,1991,14,19
classic pop and rock,Bobby Vinton,Take Good Care Of My Baby,-13.419,44,165,1991,8,33
classic pop and rock,Bobby Vinton,Please Love Me Forever,-13.611,113,158,1991,13,6
classic pop and rock,Bobby Vinton,I Love How You Love Me,-12.058,154,150,1991,14,9
classic pop and rock,Bobby Vinton,Halfway To Paradise,-12.235,93,162,1991,7,23
classic pop and rock,Archie Bell & The Drells,I Can't Stop Dancing,-13.365,119,141,1991,10,9
classic pop and rock,Jermaine Jackson,Word To The Badd!!,-8.945,110,318,1991,2,78
jazz and blues,Curtis Stigers,You're All That Matters To Me,-9.976,91,277,1991,98,98
jazz and blues,Curtis Stigers,Sleeping With The Lights On,-6.872,105,241,1991,96,96
jazz and blues,Curtis Stigers,I Wonder Why,-8.911,135,266,1991,20,9
soul and reggae,Boyz II Men,Motownphilly,-9.038,114,235,1991,24,3
soul and reggae,Boyz II Men,It's So Hard To Say Goodbye To Yesterday,-8.312,139,256,1991,22,2
soul and reggae,Boyz II Men,Uhh Ahh,-14.926,84,255,1991,20,16
soul and reggae,Boyz II Men,Please Don't Go,-8.784,136,269,1991,20,49
soul and reggae,Ashford & Simpson,Found A Cure,-8.732,123,423,1991,13,36
classic pop and rock,Jon Secada,I'm Free,-8.821,99,241,1992,20,27
classic pop and rock,Jon Secada,Do You Believe In Us,-7.294,108,239,1992,30,13
classic pop and rock,Jon Secada,Just Another Day,-7.575,106,327,1992,37,5
classic pop and rock,Johnny Tillotson,Well I'm Your Man,-7.879,145,137,1992,3,87
classic pop and rock,Johnny Tillotson,I Can't Help It (If I'm Still In Love With You),-12.931,87,149,1992,9,24
classic pop and rock,Johnny Tillotson,You Can Never Stop Me Loving You,-10.507,117,165,1992,10,18
classic pop and rock,Blind Melon,No Rain,-9.724,74,217,1992,23,20
classic pop and rock,The Manhattans,You Send Me,-12.859,108,253,1992,5,81
classic pop and rock,The Kingsmen,Killer Joe,-10.373,129,147,1992,4,77
classic pop and rock,The Kingsmen,Death Of An Angel,-15.056,114,166,1992,9,42
classic pop and rock,Andrew Gold,Lonely Boy,-7.274,123,261,1992,21,7
classic pop and rock,Jackie Wilson,I'll Be Satisfied,-8.45,137,127,1992,12,20
classic pop and rock,Billy Ray Cyrus,Achy Breaky Heart,-7.218,122,204,1992,25,4
classic pop and rock,Soul Asylum,Runaway Train,-7.587,117,267,1992,26,5
classic pop and rock,Len Barry,Like A Baby,-12.526,125,173,1992,9,27
classic pop and rock,Jr. Walker & The All Stars,Do You See My Love (For You Growing),-4.841,110,208,1992,10,32
classic pop and rock,The Jeff Healey Band,Lost In Your Eyes,-7.487,162,308,1992,3,91
classic pop and rock,Des'ree,Feel So High,-7.553,159,292,1992,11,67
classic pop and rock,The Robert Cray Band,Right Next Door (Because Of Me),-8.422,117,259,1992,6,80
folk,Indigo Girls,Galileo,-8.494,192,277,1992,2,89
dance and electronica,Stereo MC's,Connected,-5.51,100,331,1992,20,20
classic pop and rock,Luther Vandross,Heaven Knows,-8.399,107,265,1993,3,94
classic pop and rock,Tavares,Bad Times,-11.117,102,351,1993,10,47
classic pop and rock,Tavares,Whodunit,-9.33,97,216,1993,15,22
classic pop and rock,Tavares,Too Late,-9.624,116,265,1993,7,59
classic pop and rock,Lesley Gore,Summer And Sandy,-11.252,130,177,1993,7,65
classic pop and rock,The Chordettes,A Girl's Work Is Never Done,-3.485,127,135,1993,3,89
folk,Bruce Hornsby,Fields Of Gray,-6.939,108,291,1993,11,69
folk,Darden Smith,Loving Arms,-10.46,97,248,1993,2,96
soul and reggae,Valerie Simpson,Silly Wasn't I,-19.267,162,130,1993,9,63
classic pop and rock,Cyndi Lauper,Hey Now (Girls Just Want To Have Fun),-6.012,102,233,1994,5,87
classic pop and rock,Luther Vandross,Always And Forever,-7.626,154,316,1994,18,58
classic pop and rock,Aimee Mann,That's Just What You Are,-8.161,93,265,1994,6,93
classic pop and rock,Jane Wiedlin,Blue Kiss,-12.734,128,207,1994,9,77
classic pop and rock,Brian Protheroe,Pinball,-12.304,153,188,1994,7,60
classic pop and rock,Spin Doctors,You Let Your Heart Go Too Fast,-5.764,127,229,1994,10,42
classic pop and rock,Des'ree,You Gotta Be,-8.916,94,313,1994,44,5
classic pop and rock,Del Shannon,Break Up,-5.908,115,138,1994,3,95
classic pop and rock,Jennifer Warnes,Could It Be Love,-9.622,138,212,1994,10,47
classic pop and rock,Jennifer Warnes,I'm Dreaming,-13.818,133,212,1994,7,50
classic pop and rock,Jennifer Warnes,When The Feeling Comes Around,-12.154,119,197,1994,8,45
classic pop and rock,Jennifer Warnes,Don't Make Me Over,-8.951,81,261,1994,7,67
classic pop and rock,Jennifer Warnes,I Know A Heartache When I See One,-9.584,97,209,1994,22,19
classic pop and rock,Gene Chandler,I Fooled You This Time,-11.275,133,174,1994,8,45
classic pop and rock,The Miracles,Everybody's Gotta Pay Some Dues,-8.866,131,175,1994,8,52
classic pop and rock,The Miracles,Broken Hearted,-7.402,106,179,1994,97,97
classic pop and rock,Donny Osmond,Soldier Of Love,-5.515,96,354,1994,18,2
classic pop and rock,Bob Seger & The Silver Bullet Band,Roll Me Away,-6.886,134,278,1994,10,27
folk,Nitty Gritty Dirt Band,Some Of Shelly's Blues,-11.731,103,171,1994,8,64
soul and reggae,Boyz II Men,On Bended Knee,-7.103,116,329,1994,27,1
soul and reggae,Boyz II Men,Water Runs Dry,-7.551,90,290,1994,28,2
soul and reggae,Boyz II Men,Thank You,-9.297,95,276,1994,20,21
soul and reggae,Boyz II Men,I'll Make Love To You,-8.132,143,236,1994,33,1
classic pop and rock,Arthur Conley,Funky Street,-10.725,150,143,1995,12,14
classic pop and rock,Johnny Tillotson,Earth Angel,-11.003,106,174,1995,7,57
classic pop and rock,Johnny Tillotson,Pledging My Love,-10.918,85,150,1995,6,63
classic pop and rock,Johnny Tillotson,It Keeps Right On A-Hurtin',-15.479,76,168,1995,14,3
classic pop and rock,Johnny Tillotson,Funny How Time Slips Away,-16.307,67,194,1995,6,50
classic pop and rock,Neil Sedaka,Sweet Little You,-12.617,125,123,1995,7,59
classic pop and rock,Neil Sedaka,Run Samson Run,-9.431,169,164,1995,11,28
classic pop and rock,Soul Asylum,Misery,-7.886,119,218,1995,14,20
classic pop and rock,Soul Asylum,Promises Broken,-10.866,151,195,1995,5,63
classic pop and rock,Jr. Walker & The All Stars,Come See About Me,-7.332,126,179,1995,11,24
classic pop and rock,Yvonne Elliman,Love Pains,-12.926,126,440,1995,13,34
folk,Steve Forbert,Romeo's Tune,-6.497,89,234,1995,19,11
folk,Joan Osborne,One Of Us,-10.82,88,316,1995,22,4
folk,Kris Kristofferson,Josie,-14.927,96,190,1995,8,63
folk,Bruce Hornsby,Walk In The Sun,-6.948,122,282,1995,9,54
pop,Diana King,Ain't Nobody,-5.608,195,322,1995,4,94
pop,David Ruffin,I'm So Glad I Fell For You,-10.262,95,261,1995,7,53
dance and electronica,Brownstone,I Can't Tell You Why,-9.818,88,184,1995,13,54
dance and electronica,Brownstone,If You Love Me,-9.516,95,306,1995,27,8
dance and electronica,Brownstone,Grapevyne,-8.806,137,339,1995,15,49
classic pop and rock,Deniece Williams,Silly,-15.398,116,358,1996,10,53
classic pop and rock,John Kay,I'm Movin' On,-8.516,91,188,1996,7,52
classic pop and rock,The Osmonds,I Can't Live A Dream,-5.819,120,197,1996,9,46
classic pop and rock,Luther Vandross,I Can Make It Better,-7.852,96,336,1996,10,80
classic pop and rock,Train,Meet Virginia,-4.911,184,268,1996,27,20
classic pop and rock,Donny Osmond,The Twelfth Of Never,-10.991,89,162,1996,13,8
folk,Shawn Colvin,Sunny Came Home,-12.806,109,251,1996,32,7
classic pop and rock,LeAnn Rimes,How Do I Live,-7.009,128,264,1997,69,2
classic pop and rock,Lisa Loeb,Let's Forget About It,-5.311,100,165,1997,7,71
classic pop and rock,James & Bobby Purify,Let Love Come Between Us,-9.63,137,143,1997,9,23
classic pop and rock,Irene Cara,Flashdance...What A Feeling,-6.37,122,247,1997,25,1
classic pop and rock,Bobbie Gentry,He Made A Woman Out Of Me,-12.09,156,154,1997,5,71
pop,Diana King,L-L-Lies,-5.185,98,249,1997,15,71
pop,Diana King,I Say A Little Prayer,-4.344,84,207,1997,20,38
dance and electronica,Brownstone,5 Miles To Empty,-8.876,135,313,1997,16,39
soul and reggae,Boyz II Men,A Song For Mama,-8.828,157,302,1997,20,7
soul and reggae,Ashford & Simpson,Street Corner,-7.012,111,274,1997,10,56
soul and reggae,Erykah Badu,On & On,-7.793,161,226,1997,19,12
classic pop and rock,Cheap Trick,Everything Works If You Let It,-8.0,149,236,1998,10,44
classic pop and rock,Mr. Mister,Hunters Of The Night,-11.272,164,246,1998,8,57
classic pop and rock,Dido,Thank You,-7.008,130,569,1998,39,3
classic pop and rock,Cameo,You Make Me Work,-9.918,119,282,1998,5,85
classic pop and rock,Trisha Yearwood,There Goes My Baby,-6.296,109,233,1998,2,93
classic pop and rock,Lesley Gore,I Won't Love You Anymore (Sorry),-13.961,119,125,1998,3,80
classic pop and rock,Lesley Gore,I Don't Wanna Be A Loser,-11.148,91,161,1998,5,37
classic pop and rock,New Radicals,You Get What You Give,-5.672,114,301,1998,20,36
dance and electronica,Lucy Pearl,Dance Tonight,-5.719,99,221,1998,19,36
soul and reggae,Boyz II Men,I Will Get There,-14.144,97,263,1998,9,32
soul and reggae,Whitney Houston,My Love Is Your Love,-5.866,85,509,1998,28,4
soul and reggae,Whitney Houston,I Learned From The Best,-7.006,87,297,1998,11,27
soul and reggae,Whitney Houston,It's Not Right But It's Okay,-5.749,87,502,1998,20,4
soul and reggae,Brenda Holloway,I'll Always Love You,-12.897,76,172,1998,5,60
soul and reggae,Lauryn Hill,Doo Wop (That Thing),-6.644,100,239,1998,21,1
soul and reggae,Lauryn Hill,Everything Is Everything,-7.688,95,293,1998,18,35
soul and reggae,Lauryn Hill,Ex-Factor,-9.088,160,327,1998,22,21
classic pop and rock,Third Eye Blind,Never Let You Go,-4.859,114,237,1999,22,14
classic pop and rock,Robbie Nevil,Back On Holiday,-12.949,100,240,1999,14,34
classic pop and rock,The Robert Cray Band,Smoking Gun,-5.775,126,246,1999,14,22
classic pop and rock,Sugar Ray,Falls Apart,-4.066,103,255,1999,20,29
soul and reggae,Donell Jones,Where I Wanna Be,-9.352,102,254,1999,20,29
soul and reggae,Macy Gray,I Try,-5.36,176,297,1999,27,5
classic pop and rock,Jim Reeves,I'm Gonna Change Everything,-14.816,121,126,2000,2,95
classic pop and rock,The Manhattans,We Never Danced To A Love Song,-10.574,126,257,2000,2,93
classic pop and rock,James & Bobby Purify,Wish You Didn't Have To Go,-8.77,119,136,2000,6,38
dance and electronica,Amel Larrieux,Get Up,-8.459,89,246,2000,3,97
dance and electronica,Kandi,Don't Think I'm Not,-7.693,134,244,2000,24,24
soul and reggae,Lionel Richie,Angel,-3.363,85,163,2000,18,70
soul and reggae,Erykah Badu,Bag Lady,-10.167,151,347,2000,20,6
classic pop and rock,American Hi-Fi,Flavor Of The Weak,-2.185,151,189,2001,20,41
classic pop and rock,David Cassidy,Could It Be Forever,-8.993,173,137,2001,9,37
classic pop and rock,David Cassidy,How Can I Be Sure,-8.058,89,217,2001,9,25
classic pop and rock,Luther Vandross,I'd Rather,-5.84,130,215,2001,20,83
classic pop and rock,Trisha Yearwood,I Would've Loved You Anyway,-8.528,131,223,2001,20,44
classic pop and rock,Dobie Gray,Look At Me,-12.968,120,160,2001,2,91
classic pop and rock,Jermaine Jackson,I Think It's Love,-11.615,128,233,2001,15,16
classic pop and rock,Jermaine Jackson,Don't Take It Personal,-12.716,95,270,2001,11,64
classic pop and rock,Jermaine Jackson,Let Me Tickle Your Fancy,-10.716,126,232,2001,15,18
classic pop and rock,Jermaine Jackson,Let's Be Young Tonight,-7.818,85,295,2001,13,55
soul and reggae,Angie Stone,Brotha,-9.094,132,267,2001,20,52
soul and reggae,Angie Stone,Wish I Didn't Miss You,-8.058,127,472,2001,19,79
classic pop and rock,The Tymes,Here She Comes,-8.076,126,141,2002,3,92
classic pop and rock,David Cassidy,Cherish,-7.506,97,248,2002,12,9
classic pop and rock,James & Bobby Purify,I Can Remember,-9.938,84,155,2002,6,51
classic pop and rock,James & Bobby Purify,Do Unto Me,-7.771,118,150,2002,6,73
soul and reggae,Donell Jones,Put Me Down,-6.582,101,260,2002,3,98
soul and reggae,Whitney Houston,Try It On My Own,-6.444,136,280,2002,12,84
soul and reggae,Whitney Houston,Whatchulookinat,-3.553,105,214,2002,3,96
classic pop and rock,Dido,White Flag,-5.892,63,252,2003,41,18
classic pop and rock,The Osmonds,Double Lovin',-12.569,106,160,2003,9,14
classic pop and rock,Luther Vandross,Dance With My Father,-9.384,162,266,2003,20,38
classic pop and rock,Lamont Dozier,Fish Ain't Bitin',-12.945,168,261,2003,12,26
classic pop and rock,Train,When I Look To The Sky,-6.51,66,247,2003,14,74
classic pop and rock,Train,Calling All Angels,-5.038,210,244,2003,29,19
soul and reggae,Joe Budden,Pump It Up,-7.711,105,257,2003,19,38
soul and reggae,Erykah Badu,Danger,-10.162,89,349,2003,11,82
classic pop and rock,Velvet Revolver,Fall To Pieces,-4.943,133,270,2004,20,67
classic pop and rock,Velvet Revolver,Slither,-4.108,141,248,2004,20,56
classic pop and rock,The Meters,Hand Clapping Song,-12.201,90,177,2004,4,89
soul and reggae,Lionel Richie,Just For You,-6.486,127,217,2004,17,92
soul and reggae,Omarion,O,-8.111,92,229,2004,20,27
classic pop and rock,The Tymes,Somewhere,-11.883,151,130,2005,11,19
classic pop and rock,The Tymes,Wonderful! Wonderful!,-10.633,70,172,2005,11,7
classic pop and rock,Lamont Dozier,Trying To Hold On To My Woman,-14.155,84,267,2005,18,15
classic pop and rock,Trisha Yearwood,Georgia Rain,-6.5,99,311,2005,9,78
soul and reggae,Omarion,Touch,-7.045,115,203,2005,3,94
soul and reggae,T-Pain,I'm Sprung,-8.709,100,283,2005,26,8
soul and reggae,Lionel Richie,I Call It Love,-5.514,126,478,2006,20,62
soul and reggae,Omarion,Entourage,-1.586,107,234,2006,5,78
soul and reggae,Omarion,Ice Box,-6.268,131,257,2006,21,12
classic pop and rock,Sara Bareilles,Love Song,-12.263,124,254,2007,41,4
classic pop and rock,Colbie Caillat,Bubbly,-14.535,121,216,2007,47,5
classic pop and rock,Colbie Caillat,Dreams Collide,-10.017,136,242,2007,96,96
classic pop and rock,Colbie Caillat,Mistletoe,-7.665,130,235,2007,4,75
classic pop and rock,David Cassidy,Rock Me Baby,-5.195,189,209,2007,8,38
classic pop and rock,The Elgins,It's Been A Long Long Time,-8.753,85,178,2007,92,92
folk,Jamie O'Neal,There Is No Arizona,-6.977,102,239,2007,20,40
folk,Jamie O'Neal,When I Think About Angels,-4.363,97,182,2007,20,35
classic pop and rock,Laura Nyro,Up On The Roof,-13.073,85,198,2008,2,92
soul and reggae,Erykah Badu,Honey,-7.903,140,260,2008,3,88
classic pop and rock,Colbie Caillat,I Never Told You,-5.872,144,233,2009,20,48
classic pop and rock,Colbie Caillat,Fallin' For You,-4.42,125,214,2009,31,12
classic pop and rock,Train,Marry Me,-9.493,122,205,2009,20,34
classic pop and rock,Train,If It's Love,-3.508,95,239,2009,20,34
pop,Ke$ha,TiK ToK,-4.027,120,200,2009,38,1
soul and reggae,Whitney Houston,I Look To You,-0.278,53,367,2009,6,70
soul and reggae,Whitney Houston,Million Dollar Bill,-3.878,84,490,2009,100,100
classic pop and rock,Lamont Dozier,Let Me Start Tonite,-14.201,86,218,2010,5,87
classic pop and rock,Gene Chandler,To Be A Lover,-6.273,145,177,2010,4,94
pop,Ke$ha,Your Love Is My Drug,-3.659,120,187,2010,28,4
pop,Ke$ha,Take It Off,-5.004,125,215,2010,20,8
soul and reggae,Erykah Badu,Window Seat,-7.305,164,290,2010,3,95