color,personality,sport,element,drink
light color,organized,badminton,earth,water
bright colors,sweet,badminton,air,lemonade
dark color,bubbly,dodgeball,air,soda
no color,organized,dodgeball,earth,water
bright colors,sweet,badminton,water,juice
light color,sweet,marching band,air,juice
light color,sweet,badminton,earth,juice
no color,organized,marching band,water,water
no color,sweet,badminton,water,lemonade
bright colors,smart,marching band,water,lemonade
light color,sweet,pickleball,air,lemonade
no color,organized,dodgeball,water,water
dark color,organized,dodgeball,air,soda
bright colors,organized,badminton,water,lemonade
dark color,bubbly,dodgeball,air,soda
light color,sweet,marching band,earth,lemonade
dark color,bubbly,dodgeball,air,soda
dark color,bubbly,pickleball,air,soda
dark color,bubbly,badminton,air,soda
no color,smart,marching band,water,water
light color,sweet,badminton,air,lemonade
bright colors,smart,pickleball,earth,water
dark color,sweet,pickleball,air,soda
no color,sweet,badminton,water,lemonade
bright colors,sweet,badminton,water,lemonade
light color,sweet,pickleball,water,juice
bright colors,organized,badminton,water,lemonade
light color,organized,badminton,earth,water
light color,sweet,marching band,air,juice
no color,organized,dodgeball,earth,water
light color,smart,dodgeball,water,juice
dark color,bubbly,dodgeball,air,soda
light color,sweet,badminton,earth,juice
no color,smart,dodgeball,water,water
light color,sweet,badminton,water,lemonade
no color,organized,dodgeball,water,water
no color,organized,marching band,water,water
no color,organized,marching band,earth,water
light color,sweet,badminton,water,juice
light color,smart,dodgeball,water,juice
dark color,bubbly,badminton,fire,soda
no color,organized,marching band,earth,water
no color,organized,marching band,water,water
dark color,bubbly,badminton,air,soda
dark color,bubbly,dodgeball,fire,soda
light color,sweet,badminton,earth,juice
light color,organized,dodgeball,earth,water
no color,organized,pickleball,air,lemonade
dark color,bubbly,pickleball,air,soda
bright colors,smart,pickleball,earth,juice
bright colors,bubbly,badminton,earth,lemonade
light color,sweet,badminton,earth,lemonade
bright colors,smart,pickleball,air,lemonade
bright colors,sweet,marching band,water,juice
light color,sweet,marching band,air,juice
bright colors,sweet,pickleball,earth,juice
dark color,organized,dodgeball,air,soda
light color,sweet,marching band,water,juice
bright colors,sweet,pickleball,air,juice
bright colors,sweet,badminton,water,lemonade
light color,smart,marching band,air,juice
no color,organized,pickleball,earth,water
light color,sweet,badminton,water,juice
bright colors,sweet,marching band,earth,lemonade
bright colors,organized,pickleball,air,juice
dark color,bubbly,dodgeball,earth,soda
dark color,bubbly,dodgeball,air,soda
bright colors,sweet,pickleball,air,juice
dark color,organized,dodgeball,air,soda
bright colors,sweet,badminton,water,juice
light color,sweet,pickleball,air,juice
no color,organized,marching band,water,water
dark color,bubbly,dodgeball,air,soda
bright colors,sweet,dodgeball,earth,juice
no color,organized,badminton,earth,water
light color,organized,badminton,air,lemonade
light color,sweet,pickleball,air,lemonade
dark color,bubbly,pickleball,earth,soda
dark color,bubbly,pickleball,earth,soda
bright colors,sweet,dodgeball,air,juice
dark color,bubbly,pickleball,air,soda
no color,organized,dodgeball,water,water
bright colors,sweet,badminton,earth,juice
dark color,bubbly,pickleball,earth,soda
light color,sweet,pickleball,earth,juice
no color,smart,marching band,earth,water
light color,sweet,pickleball,earth,juice
light color,sweet,pickleball,water,juice
bright colors,smart,badminton,earth,lemonade
dark color,organized,dodgeball,air,soda
light color,organized,badminton,earth,juice
light color,sweet,pickleball,earth,juice
no color,smart,dodgeball,water,water
light color,smart,badminton,water,lemonade
bright colors,sweet,pickleball,air,lemonade
no color,smart,badminton,water,water
dark color,bubbly,pickleball,air,soda
no color,organized,badminton,water,water
no color,organized,dodgeball,earth,water
light color,smart,badminton,fire,lemonade
light color,sweet,badminton,water,lemonade
bright colors,organized,marching band,water,juice
no color,organized,dodgeball,earth,water
dark color,bubbly,pickleball,air,soda
bright colors,sweet,pickleball,water,juice
light color,smart,marching band,fire,lemonade
no color,organized,badminton,water,water
dark color,bubbly,dodgeball,air,soda
dark color,bubbly,dodgeball,earth,soda
light color,smart,pickleball,water,lemonade
bright colors,smart,badminton,air,lemonade
no color,organized,pickleball,earth,water
bright colors,smart,pickleball,air,lemonade
light color,organized,badminton,earth,water
light color,sweet,marching band,water,juice
no color,smart,dodgeball,water,water
dark color,smart,dodgeball,air,soda
bright colors,sweet,badminton,air,lemonade
dark color,bubbly,dodgeball,air,soda
bright colors,sweet,pickleball,water,lemonade
dark color,bubbly,dodgeball,earth,soda
dark color,organized,dodgeball,air,soda
dark color,organized,badminton,air,soda
bright colors,organized,badminton,air,lemonade
bright colors,sweet,badminton,air,lemonade
bright colors,organized,dodgeball,water,water
light color,sweet,pickleball,water,juice
dark color,bubbly,dodgeball,earth,soda
dark color,sweet,dodgeball,fire,soda
bright colors,smart,pickleball,air,lemonade
dark color,organized,dodgeball,earth,soda
dark color,organized,dodgeball,earth,soda
bright colors,bubbly,badminton,earth,lemonade
light color,sweet,pickleball,earth,juice
dark color,bubbly,dodgeball,fire,soda
no color,organized,marching band,earth,water
dark color,bubbly,dodgeball,air,soda
dark color,bubbly,pickleball,air,soda
light color,organized,badminton,air,lemonade
light color,sweet,marching band,water,juice
no color,organized,badminton,earth,water
no color,organized,badminton,water,water
dark color,bubbly,dodgeball,air,soda
no color,smart,marching band,earth,water
bright colors,sweet,badminton,earth,lemonade
light color,smart,badminton,water,juice
dark color,bubbly,pickleball,air,soda
light color,sweet,pickleball,water,juice
bright colors,sweet,marching band,earth,juice
dark color,bubbly,dodgeball,air,soda
bright colors,sweet,dodgeball,earth,juice
bright colors,sweet,pickleball,air,juice
bright colors,organized,marching band,earth,water
dark color,organized,dodgeball,fire,soda
light color,sweet,marching band,water,juice
bright colors,sweet,marching band,water,juice
light color,sweet,badminton,air,juice
no color,smart,dodgeball,water,water
light color,sweet,badminton,earth,lemonade
bright colors,smart,marching band,water,water
no color,organized,marching band,earth,water
light color,sweet,badminton,air,lemonade
no color,organized,dodgeball,earth,water
bright colors,organized,pickleball,earth,juice
no color,organized,marching band,water,water
light color,organized,badminton,air,lemonade
bright colors,sweet,badminton,earth,lemonade
dark color,bubbly,dodgeball,fire,soda
bright colors,sweet,badminton,earth,lemonade
bright colors,sweet,marching band,earth,lemonade
light color,sweet,pickleball,water,juice
bright colors,sweet,marching band,water,juice
dark color,organized,pickleball,air,soda
no color,organized,dodgeball,water,water
light color,organized,dodgeball,earth,water
dark color,bubbly,dodgeball,fire,soda
light color,sweet,dodgeball,air,juice
dark color,bubbly,badminton,air,soda
light color,smart,marching band,fire,lemonade
light color,sweet,badminton,water,juice
dark color,bubbly,dodgeball,air,soda
bright colors,sweet,marching band,water,lemonade
dark color,bubbly,pickleball,air,soda
no color,smart,marching band,water,water
no color,smart,pickleball,earth,water
light color,organized,badminton,earth,lemonade
dark color,bubbly,dodgeball,air,soda
light color,smart,badminton,air,lemonade
light color,sweet,marching band,earth,lemonade
no color,sweet,pickleball,earth,lemonade
bright colors,sweet,dodgeball,earth,juice
bright colors,sweet,badminton,air,lemonade
dark color,smart,dodgeball,earth,soda
light color,sweet,marching band,water,juice
bright colors,smart,pickleball,earth,lemonade
no color,organized,pickleball,earth,water
bright colors,organized,marching band,water,lemonade
light color,sweet,badminton,water,lemonade
dark color,bubbly,dodgeball,fire,soda
light color,sweet,pickleball,water,juice
light color,organized,badminton,water,lemonade
light color,sweet,marching band,air,juice
light color,smart,marching band,water,water
light color,sweet,badminton,air,lemonade
light color,sweet,marching band,earth,juice
bright colors,sweet,marching band,earth,lemonade
light color,smart,pickleball,water,lemonade
dark color,bubbly,dodgeball,air,soda
dark color,smart,badminton,air,soda
dark color,organized,dodgeball,earth,soda
light color,smart,pickleball,water,water
dark color,bubbly,dodgeball,air,soda
no color,organized,pickleball,earth,water
bright colors,organized,pickleball,air,lemonade
no color,organized,badminton,earth,water
bright colors,sweet,dodgeball,earth,juice
no color,sweet,marching band,water,lemonade
light color,organized,pickleball,water,water
no color,organized,badminton,water,water
light color,sweet,badminton,water,juice
bright colors,sweet,badminton,earth,lemonade
dark color,organized,dodgeball,air,soda
light color,organized,marching band,air,lemonade
no color,smart,badminton,water,water
light color,sweet,pickleball,water,juice
dark color,bubbly,marching band,air,soda
no color,organized,marching band,earth,water
dark color,smart,dodgeball,earth,soda
dark color,organized,pickleball,earth,soda
dark color,sweet,dodgeball,air,soda
dark color,smart,pickleball,fire,soda
dark color,bubbly,dodgeball,earth,soda
bright colors,sweet,badminton,water,lemonade
light color,smart,pickleball,air,juice
bright colors,sweet,badminton,air,lemonade
light color,sweet,pickleball,water,juice
dark color,bubbly,dodgeball,air,soda
dark color,bubbly,pickleball,air,soda
dark color,bubbly,dodgeball,air,soda
dark color,bubbly,pickleball,air,soda
light color,sweet,marching band,water,juice
light color,sweet,pickleball,water,juice
bright colors,sweet,pickleball,air,juice
bright colors,sweet,badminton,water,juice
light color,sweet,pickleball,water,lemonade
bright colors,organized,pickleball,water,water
bright colors,organized,badminton,earth,lemonade
dark color,bubbly,pickleball,earth,soda
light color,organized,badminton,air,juice
light color,sweet,marching band,water,juice
no color,smart,pickleball,water,water
bright colors,sweet,pickleball,water,juice
light color,sweet,pickleball,air,lemonade
light color,sweet,badminton,air,lemonade
light color,sweet,pickleball,air,juice
no color,organized,dodgeball,water,water
bright colors,smart,pickleball,air,lemonade
light color,sweet,marching band,water,lemonade
light color,smart,badminton,air,lemonade
no color,organized,pickleball,earth,water
dark color,bubbly,pickleball,earth,soda
bright colors,organized,marching band,earth,water
light color,sweet,pickleball,earth,juice
no color,organized,dodgeball,water,water
bright colors,sweet,pickleball,earth,juice
no color,organized,badminton,water,water
dark color,bubbly,dodgeball,air,soda
light color,sweet,marching band,earth,juice
bright colors,organized,pickleball,water,lemonade
no color,organized,badminton,water,water
dark color,bubbly,marching band,air,soda
dark color,bubbly,dodgeball,air,soda
light color,sweet,marching band,water,juice
bright colors,sweet,marching band,air,juice
light color,sweet,marching band,earth,lemonade
bright colors,organized,marching band,water,water
no color,smart,marching band,earth,water
no color,smart,marching band,earth,water
dark color,bubbly,marching band,earth,soda
dark color,bubbly,dodgeball,air,soda
no color,organized,marching band,water,water
no color,smart,marching band,earth,water
bright colors,organized,pickleball,water,water
light color,sweet,marching band,earth,juice
dark color,bubbly,pickleball,air,soda
bright colors,sweet,pickleball,water,juice
dark color,bubbly,marching band,earth,soda
dark color,organized,dodgeball,fire,soda
light color,sweet,marching band,water,juice
bright colors,sweet,pickleball,earth,juice
no color,organized,badminton,water,water
bright colors,smart,badminton,air,lemonade
light color,sweet,pickleball,water,juice
light color,organized,marching band,water,water
dark color,bubbly,dodgeball,air,soda
light color,smart,badminton,earth,juice
bright colors,sweet,pickleball,water,juice
no color,organized,dodgeball,earth,water
bright colors,smart,badminton,earth,lemonade
bright colors,sweet,marching band,earth,juice
bright colors,bubbly,pickleball,earth,lemonade
no color,smart,dodgeball,earth,water
no color,organized,pickleball,earth,water
no color,sweet,badminton,air,lemonade
no color,organized,badminton,water,water
dark color,bubbly,dodgeball,earth,soda
dark color,bubbly,dodgeball,air,soda
no color,organized,marching band,earth,water
no color,organized,marching band,water,water
no color,sweet,badminton,earth,lemonade
no color,organized,pickleball,earth,water
no color,smart,pickleball,water,water
no color,organized,badminton,earth,water
bright colors,organized,pickleball,water,juice
bright colors,sweet,pickleball,water,juice
light color,sweet,marching band,water,juice
no color,sweet,pickleball,air,lemonade
dark color,bubbly,dodgeball,air,soda
no color,organized,marching band,earth,lemonade
light color,smart,badminton,water,lemonade
no color,organized,marching band,earth,water
no color,organized,marching band,earth,water
bright colors,sweet,marching band,earth,lemonade
dark color,bubbly,dodgeball,air,soda
bright colors,organized,badminton,water,lemonade
dark color,bubbly,dodgeball,earth,soda
dark color,organized,badminton,fire,soda
dark color,bubbly,dodgeball,air,soda
no color,organized,badminton,water,water
no color,organized,badminton,earth,water
dark color,bubbly,dodgeball,air,soda
light color,sweet,dodgeball,water,juice
bright colors,organized,badminton,water,lemonade
bright colors,sweet,pickleball,air,juice
bright colors,sweet,pickleball,water,juice
no color,organized,dodgeball,water,water
no color,organized,badminton,water,water
dark color,bubbly,pickleball,air,soda
dark color,smart,dodgeball,earth,soda
bright colors,sweet,badminton,earth,lemonade
dark color,organized,dodgeball,air,soda
light color,organized,marching band,air,lemonade
no color,organized,pickleball,water,water
dark color,bubbly,dodgeball,fire,soda
bright colors,smart,pickleball,water,lemonade
no color,sweet,badminton,earth,lemonade
no color,organized,pickleball,water,water
dark color,bubbly,dodgeball,air,soda
bright colors,organized,marching band,water,water
light color,sweet,marching band,water,juice
bright colors,sweet,badminton,water,juice
light color,sweet,badminton,water,lemonade
light color,sweet,marching band,air,lemonade
light color,organized,marching band,earth,water
light color,smart,badminton,water,lemonade
light color,organized,badminton,water,juice
light color,sweet,pickleball,earth,juice
bright colors,sweet,badminton,water,juice
no color,organized,pickleball,water,water
no color,organized,badminton,water,water
bright colors,sweet,badminton,earth,lemonade
light color,organized,marching band,water,water
light color,smart,marching band,air,lemonade
no color,organized,pickleball,earth,water
dark color,bubbly,dodgeball,earth,soda
bright colors,organized,badminton,earth,lemonade
dark color,bubbly,pickleball,air,soda
bright colors,organized,pickleball,water,water
dark color,sweet,pickleball,fire,soda
no color,organized,dodgeball,earth,water
bright colors,organized,badminton,earth,juice
light color,sweet,pickleball,earth,lemonade
no color,smart,marching band,water,water
bright colors,smart,pickleball,earth,lemonade
dark color,sweet,dodgeball,air,soda
bright colors,smart,badminton,water,lemonade
dark color,bubbly,dodgeball,earth,soda
light color,sweet,marching band,air,juice
light color,organized,marching band,earth,juice
light color,sweet,pickleball,air,juice
bright colors,sweet,marching band,air,juice
no color,smart,dodgeball,water,water
light color,sweet,marching band,earth,juice
bright colors,sweet,badminton,water,lemonade
dark color,organized,pickleball,air,soda
dark color,bubbly,pickleball,air,soda
bright colors,organized,pickleball,water,juice
dark color,bubbly,badminton,air,soda
no color,organized,marching band,earth,water
dark color,bubbly,pickleball,fire,soda
bright colors,organized,marching band,earth,water
dark color,bubbly,dodgeball,earth,soda
no color,sweet,pickleball,earth,lemonade
light color,sweet,badminton,earth,juice
bright colors,smart,badminton,water,lemonade
light color,smart,pickleball,water,lemonade
dark color,bubbly,dodgeball,air,soda
bright colors,sweet,pickleball,air,juice
light color,smart,badminton,earth,lemonade
dark color,bubbly,dodgeball,air,soda
light color,sweet,badminton,air,juice
no color,organized,badminton,water,water
bright colors,sweet,pickleball,water,juice
no color,organized,marching band,water,water
light color,smart,pickleball,water,juice
dark color,bubbly,dodgeball,air,soda
no color,organized,pickleball,water,water
bright colors,organized,badminton,earth,water
no color,organized,pickleball,water,water
light color,sweet,pickleball,earth,juice
dark color,sweet,dodgeball,air,soda
dark color,bubbly,dodgeball,air,soda
no color,smart,dodgeball,water,water
dark color,bubbly,dodgeball,earth,soda
dark color,bubbly,dodgeball,air,soda
bright colors,sweet,pickleball,earth,lemonade
light color,smart,badminton,water,lemonade
no color,organized,marching band,earth,water
light color,sweet,pickleball,earth,juice
bright colors,bubbly,badminton,water,lemonade
bright colors,smart,badminton,air,lemonade
no color,smart,marching band,water,water
no color,organized,pickleball,earth,water
light color,sweet,marching band,earth,lemonade
light color,sweet,badminton,air,lemonade
no color,smart,badminton,earth,water
bright colors,sweet,pickleball,water,juice
bright colors,sweet,pickleball,earth,juice
light color,sweet,badminton,earth,lemonade
dark color,bubbly,dodgeball,earth,soda
bright colors,organized,pickleball,air,juice
bright colors,organized,marching band,earth,lemonade
dark color,bubbly,dodgeball,air,soda
bright colors,organized,pickleball,water,water
dark color,bubbly,dodgeball,earth,soda
dark color,bubbly,pickleball,air,soda
dark color,smart,pickleball,air,soda
no color,sweet,badminton,earth,lemonade
no color,smart,badminton,earth,water
dark color,bubbly,dodgeball,air,soda
light color,sweet,marching band,earth,juice
dark color,bubbly,marching band,air,soda
light color,sweet,badminton,fire,lemonade
light color,sweet,badminton,water,juice
no color,organized,marching band,earth,water
bright colors,sweet,marching band,air,lemonade
dark color,bubbly,pickleball,air,soda
bright colors,organized,badminton,water,lemonade
light color,sweet,badminton,water,juice
no color,smart,marching band,earth,water
bright colors,smart,badminton,earth,water
no color,organized,badminton,water,water
bright colors,smart,pickleball,air,juice
light color,organized,badminton,water,juice
dark color,bubbly,pickleball,air,soda
dark color,bubbly,dodgeball,air,soda
bright colors,sweet,badminton,air,lemonade
dark color,bubbly,dodgeball,air,soda
no color,organized,dodgeball,earth,water
bright colors,sweet,pickleball,water,lemonade
dark color,bubbly,pickleball,air,soda
bright colors,sweet,badminton,water,lemonade
light color,sweet,marching band,air,juice
no color,organized,badminton,water,water
dark color,bubbly,dodgeball,air,soda
dark color,sweet,dodgeball,earth,soda
dark color,bubbly,dodgeball,air,soda
light color,sweet,badminton,air,lemonade
no color,organized,pickleball,water,water
dark color,organized,dodgeball,earth,soda
no color,smart,pickleball,water,water
no color,organized,dodgeball,earth,water
dark color,bubbly,badminton,fire,soda
no color,organized,pickleball,earth,water
dark color,sweet,pickleball,air,soda
bright colors,sweet,marching band,water,juice
light color,organized,badminton,earth,lemonade
dark color,bubbly,dodgeball,air,soda
bright colors,organized,badminton,water,water
bright colors,organized,badminton,fire,lemonade
no color,organized,badminton,water,water
dark color,sweet,dodgeball,fire,soda
dark color,bubbly,dodgeball,air,soda
light color,smart,badminton,earth,lemonade
light color,organized,pickleball,air,juice
bright colors,smart,marching band,water,juice
no color,organized,pickleball,water,lemonade
bright colors,bubbly,marching band,fire,lemonade
dark color,bubbly,dodgeball,earth,soda
bright colors,sweet,pickleball,earth,lemonade
dark color,bubbly,dodgeball,air,soda
no color,organized,marching band,water,water
light color,smart,marching band,earth,lemonade
dark color,bubbly,pickleball,air,soda
dark color,organized,dodgeball,fire,soda
no color,organized,marching band,water,water
dark color,bubbly,dodgeball,air,soda
dark color,bubbly,dodgeball,air,soda
light color,sweet,marching band,water,lemonade
dark color,sweet,dodgeball,air,soda
light color,bubbly,badminton,water,lemonade
dark color,bubbly,pickleball,air,soda
light color,smart,pickleball,earth,water
dark color,smart,badminton,earth,soda
light color,organized,pickleball,earth,lemonade
dark color,bubbly,dodgeball,air,soda
dark color,sweet,pickleball,earth,soda
no color,organized,pickleball,earth,water
dark color,bubbly,dodgeball,air,soda
no color,smart,pickleball,water,water
bright colors,smart,pickleball,air,lemonade
light color,sweet,pickleball,water,juice
no color,organized,badminton,earth,water
light color,sweet,pickleball,air,lemonade
light color,sweet,badminton,water,lemonade
no color,organized,badminton,water,water
light color,sweet,marching band,water,juice
no color,sweet,badminton,water,lemonade
dark color,bubbly,dodgeball,earth,soda
bright colors,organized,pickleball,earth,lemonade
light color,organized,dodgeball,water,water
dark color,bubbly,dodgeball,air,soda
no color,organized,pickleball,earth,water
light color,sweet,pickleball,earth,juice
bright colors,sweet,pickleball,earth,juice
bright colors,sweet,pickleball,water,juice
dark color,sweet,dodgeball,air,soda
light color,organized,badminton,earth,water
light color,smart,marching band,earth,water
light color,sweet,pickleball,water,juice
dark color,bubbly,pickleball,earth,soda
light color,organized,pickleball,water,lemonade
bright colors,organized,badminton,water,lemonade
dark color,smart,dodgeball,fire,soda
no color,organized,dodgeball,earth,water
dark color,organized,marching band,air,soda
light color,smart,badminton,earth,lemonade
light color,bubbly,badminton,air,lemonade
dark color,bubbly,dodgeball,fire,soda
light color,sweet,badminton,earth,lemonade
light color,sweet,pickleball,earth,juice
light color,sweet,pickleball,water,lemonade
light color,sweet,pickleball,fire,lemonade
no color,organized,badminton,water,lemonade
no color,organized,pickleball,water,water
bright colors,smart,dodgeball,earth,water
bright colors,sweet,marching band,water,juice
no color,organized,badminton,earth,water
light color,sweet,badminton,water,juice
dark color,bubbly,dodgeball,earth,soda
dark color,bubbly,badminton,air,soda
no color,organized,pickleball,earth,water
no color,organized,badminton,earth,water
dark color,organized,pickleball,air,soda
light color,smart,badminton,earth,lemonade
light color,sweet,pickleball,water,juice
light color,smart,badminton,air,lemonade
dark color,bubbly,dodgeball,earth,soda
bright colors,organized,marching band,water,lemonade
dark color,organized,pickleball,air,soda
no color,smart,marching band,earth,water
light color,sweet,pickleball,air,juice
light color,sweet,pickleball,water,juice
bright colors,sweet,marching band,water,juice
dark color,bubbly,marching band,air,soda
dark color,bubbly,badminton,air,soda
light color,organized,badminton,earth,lemonade
bright colors,smart,marching band,water,lemonade
dark color,bubbly,badminton,air,soda
no color,organized,badminton,water,water
light color,sweet,pickleball,water,juice
dark color,organized,dodgeball,air,soda
bright colors,bubbly,marching band,water,lemonade
light color,organized,badminton,water,lemonade
no color,smart,badminton,water,water
light color,smart,pickleball,earth,lemonade
light color,sweet,pickleball,water,juice
no color,smart,badminton,earth,water
light color,sweet,pickleball,water,juice
bright colors,sweet,pickleball,earth,juice
dark color,bubbly,dodgeball,air,soda
dark color,bubbly,marching band,earth,soda
light color,smart,marching band,earth,lemonade
no color,organized,dodgeball,water,water
light color,sweet,marching band,earth,juice
bright colors,sweet,pickleball,air,juice
dark color,bubbly,badminton,air,soda
dark color,sweet,dodgeball,air,soda
light color,sweet,pickleball,earth,lemonade
bright colors,sweet,pickleball,water,juice
bright colors,sweet,marching band,water,juice
no color,smart,badminton,air,lemonade
light color,smart,pickleball,air,lemonade
dark color,bubbly,dodgeball,air,soda
dark color,smart,dodgeball,earth,soda
dark color,bubbly,dodgeball,air,soda
no color,organized,marching band,earth,water
light color,sweet,pickleball,fire,lemonade
light color,sweet,marching band,water,juice
light color,sweet,badminton,earth,juice
bright colors,organized,pickleball,water,juice
light color,sweet,pickleball,earth,juice
light color,sweet,badminton,air,lemonade
bright colors,sweet,badminton,water,juice
dark color,bubbly,marching band,air,soda
dark color,sweet,dodgeball,air,soda
bright colors,sweet,pickleball,air,juice
dark color,bubbly,dodgeball,earth,soda
bright colors,smart,marching band,air,juice
bright colors,sweet,badminton,water,juice
dark color,bubbly,dodgeball,air,soda
light color,sweet,badminton,water,juice
dark color,bubbly,marching band,air,soda
dark color,bubbly,badminton,air,soda
bright colors,smart,marching band,fire,lemonade
dark color,bubbly,marching band,fire,soda
dark color,bubbly,pickleball,air,soda
bright colors,sweet,pickleball,water,juice
light color,organized,pickleball,water,juice
bright colors,organized,badminton,air,lemonade
light color,organized,dodgeball,water,water
bright colors,sweet,badminton,earth,lemonade
bright colors,organized,badminton,earth,water
bright colors,sweet,pickleball,air,juice
bright colors,sweet,badminton,earth,lemonade
bright colors,sweet,pickleball,air,juice
bright colors,sweet,badminton,air,lemonade
no color,organized,badminton,water,water
bright colors,sweet,pickleball,earth,lemonade
bright colors,sweet,badminton,earth,lemonade
light color,organized,dodgeball,earth,water
bright colors,bubbly,pickleball,air,lemonade
light color,sweet,dodgeball,water,juice
dark color,organized,pickleball,air,soda
dark color,bubbly,dodgeball,earth,soda
no color,organized,dodgeball,water,water
bright colors,sweet,badminton,water,lemonade
dark color,smart,marching band,air,soda
no color,organized,badminton,water,water
no color,organized,dodgeball,water,water
light color,sweet,pickleball,water,juice
no color,organized,marching band,water,water
dark color,bubbly,dodgeball,earth,soda
no color,organized,dodgeball,earth,water
no color,smart,badminton,water,water
dark color,sweet,marching band,fire,soda
bright colors,smart,pickleball,air,juice
no color,organized,badminton,earth,lemonade
bright colors,bubbly,badminton,air,lemonade
light color,organized,pickleball,earth,juice
no color,organized,badminton,water,lemonade
dark color,bubbly,marching band,air,soda
light color,sweet,pickleball,air,juice
no color,organized,pickleball,water,water
dark color,bubbly,dodgeball,air,soda
dark color,smart,dodgeball,air,soda
dark color,bubbly,dodgeball,air,soda
dark color,bubbly,marching band,earth,soda
dark color,organized,dodgeball,air,soda
bright colors,sweet,pickleball,water,juice
light color,sweet,marching band,water,juice
bright colors,sweet,badminton,air,lemonade
bright colors,sweet,dodgeball,air,juice
dark color,sweet,pickleball,air,soda
light color,sweet,badminton,water,juice
bright colors,organized,marching band,water,water
light color,sweet,marching band,earth,juice
dark color,bubbly,dodgeball,air,soda
no color,smart,badminton,water,water
dark color,bubbly,dodgeball,air,soda
bright colors,sweet,badminton,earth,juice
dark color,sweet,dodgeball,air,soda
bright colors,sweet,marching band,earth,juice
dark color,bubbly,pickleball,fire,soda
no color,smart,badminton,water,lemonade
no color,organized,dodgeball,earth,water
dark color,bubbly,pickleball,earth,soda
light color,organized,marching band,earth,lemonade
no color,organized,badminton,earth,water
bright colors,sweet,badminton,water,juice
dark color,organized,dodgeball,air,soda
bright colors,sweet,badminton,earth,lemonade
bright colors,organized,dodgeball,earth,water
bright colors,organized,badminton,water,juice
bright colors,sweet,pickleball,air,lemonade
dark color,sweet,dodgeball,air,soda
no color,organized,badminton,water,water
dark color,bubbly,dodgeball,air,soda
light color,sweet,marching band,water,lemonade
dark color,sweet,dodgeball,air,soda
bright colors,sweet,badminton,water,lemonade
light color,sweet,badminton,earth,lemonade
dark color,sweet,dodgeball,earth,soda
light color,organized,badminton,water,lemonade
no color,smart,badminton,earth,lemonade
dark color,bubbly,dodgeball,earth,soda
bright colors,sweet,badminton,earth,juice
no color,organized,dodgeball,water,water
dark color,smart,dodgeball,earth,soda
no color,organized,badminton,earth,water
no color,organized,marching band,water,water
no color,sweet,marching band,earth,lemonade
dark color,bubbly,pickleball,air,soda
no color,smart,dodgeball,water,water
light color,organized,badminton,air,lemonade
light color,smart,pickleball,water,juice
dark color,bubbly,dodgeball,air,soda
no color,organized,badminton,water,water
light color,sweet,badminton,water,lemonade
bright colors,organized,pickleball,earth,lemonade
bright colors,organized,marching band,earth,lemonade
light color,smart,pickleball,earth,water
bright colors,sweet,badminton,air,lemonade
bright colors,organized,badminton,fire,lemonade
no color,organized,badminton,water,water
dark color,bubbly,dodgeball,air,soda
dark color,smart,dodgeball,air,soda
no color,organized,badminton,earth,water
bright colors,organized,badminton,water,water
bright colors,smart,badminton,air,lemonade
dark color,bubbly,dodgeball,air,soda
dark color,organized,badminton,air,soda
light color,sweet,badminton,air,lemonade
dark color,organized,dodgeball,air,soda
bright colors,sweet,badminton,air,lemonade
light color,sweet,marching band,water,juice
bright colors,sweet,marching band,air,lemonade
bright colors,organized,badminton,air,lemonade
no color,organized,dodgeball,water,water
dark color,organized,dodgeball,air,soda
bright colors,smart,badminton,air,juice
no color,organized,dodgeball,water,water
bright colors,sweet,dodgeball,air,juice
light color,organized,badminton,air,lemonade
dark color,bubbly,dodgeball,air,soda
no color,organized,pickleball,earth,water
bright colors,sweet,pickleball,earth,juice
no color,organized,pickleball,water,water
light color,sweet,pickleball,water,juice
dark color,bubbly,dodgeball,air,soda
bright colors,smart,marching band,earth,lemonade
light color,smart,badminton,air,lemonade
light color,organized,pickleball,water,juice
dark color,bubbly,pickleball,air,soda
dark color,bubbly,pickleball,air,soda
dark color,bubbly,dodgeball,earth,soda
no color,organized,badminton,water,water
bright colors,smart,pickleball,water,lemonade
bright colors,sweet,marching band,water,lemonade
no color,organized,pickleball,earth,water
light color,sweet,pickleball,water,lemonade
light color,sweet,badminton,water,lemonade
dark color,bubbly,badminton,earth,soda
no color,organized,dodgeball,water,water
no color,organized,dodgeball,earth,water
dark color,bubbly,dodgeball,air,soda
bright colors,organized,pickleball,air,lemonade
dark color,bubbly,dodgeball,earth,soda
bright colors,sweet,pickleball,water,juice
bright colors,smart,pickleball,water,water
light color,smart,badminton,earth,water
bright colors,sweet,pickleball,water,juice
no color,organized,marching band,water,water
no color,organized,pickleball,water,water
bright colors,sweet,badminton,earth,lemonade
bright colors,bubbly,badminton,water,lemonade
light color,organized,marching band,earth,lemonade
bright colors,sweet,badminton,water,lemonade
dark color,sweet,badminton,air,soda
bright colors,smart,marching band,air,lemonade
no color,organized,badminton,earth,water
light color,organized,badminton,water,lemonade
no color,organized,marching band,water,water
no color,organized,marching band,earth,water
no color,organized,marching band,water,water
no color,organized,dodgeball,water,water
dark color,organized,badminton,air,soda
bright colors,sweet,pickleball,water,juice
bright colors,smart,badminton,water,lemonade
light color,organized,marching band,air,juice
bright colors,sweet,pickleball,earth,juice
light color,sweet,marching band,water,juice
no color,organized,pickleball,water,water
bright colors,organized,badminton,air,lemonade
no color,smart,marching band,earth,lemonade
dark color,organized,dodgeball,air,soda
dark color,sweet,pickleball,air,soda
dark color,bubbly,dodgeball,fire,soda
bright colors,sweet,pickleball,water,juice
no color,organized,pickleball,water,water
light color,sweet,pickleball,earth,juice
dark color,sweet,pickleball,fire,soda
light color,sweet,pickleball,air,lemonade
bright colors,sweet,pickleball,earth,juice
dark color,bubbly,pickleball,air,soda
dark color,bubbly,pickleball,earth,soda
bright colors,organized,pickleball,air,juice
light color,sweet,marching band,water,juice
light color,sweet,marching band,water,juice
no color,organized,badminton,earth,water
no color,organized,marching band,water,water
light color,sweet,badminton,air,lemonade
light color,sweet,marching band,air,juice
light color,organized,pickleball,earth,water
dark color,smart,dodgeball,earth,soda
bright colors,sweet,badminton,water,lemonade
dark color,organized,dodgeball,air,soda
dark color,bubbly,dodgeball,fire,soda
bright colors,smart,pickleball,earth,water
dark color,sweet,dodgeball,air,soda
bright colors,sweet,badminton,earth,lemonade
no color,organized,pickleball,water,water
no color,organized,badminton,water,water
bright colors,sweet,marching band,water,lemonade
dark color,bubbly,pickleball,air,soda
light color,smart,marching band,earth,lemonade
bright colors,organized,marching band,water,juice
light color,organized,badminton,air,lemonade
light color,organized,badminton,water,lemonade
bright colors,sweet,pickleball,air,juice
light color,smart,badminton,earth,lemonade
dark color,bubbly,dodgeball,air,soda
bright colors,sweet,pickleball,air,juice
bright colors,organized,marching band,water,lemonade
dark color,bubbly,pickleball,air,soda
no color,smart,marching band,earth,water
no color,organized,badminton,earth,water
light color,smart,pickleball,water,juice
bright colors,sweet,dodgeball,water,juice
bright colors,sweet,badminton,water,lemonade
dark color,bubbly,pickleball,air,soda
dark color,bubbly,dodgeball,fire,soda
dark color,bubbly,dodgeball,air,soda
no color,organized,dodgeball,earth,water
light color,smart,badminton,water,lemonade
bright colors,sweet,pickleball,water,juice
dark color,bubbly,pickleball,earth,soda
no color,organized,dodgeball,water,water
bright colors,sweet,pickleball,water,juice
bright colors,sweet,pickleball,earth,juice
no color,smart,dodgeball,water,water
bright colors,sweet,badminton,water,lemonade
no color,organized,pickleball,earth,water
no color,organized,pickleball,earth,water
light color,sweet,pickleball,water,lemonade
no color,organized,marching band,air,lemonade
no color,organized,badminton,fire,lemonade
bright colors,sweet,pickleball,earth,juice
dark color,organized,dodgeball,air,soda
no color,organized,marching band,water,water
dark color,smart,marching band,air,soda
dark color,bubbly,dodgeball,fire,soda
light color,smart,marching band,earth,water
bright colors,sweet,badminton,water,lemonade
dark color,bubbly,dodgeball,air,soda
light color,sweet,marching band,air,juice
bright colors,sweet,marching band,water,lemonade
no color,smart,dodgeball,earth,water
no color,organized,dodgeball,water,water
bright colors,organized,dodgeball,earth,water
no color,smart,dodgeball,earth,water
no color,organized,pickleball,earth,water
dark color,bubbly,dodgeball,air,soda
light color,sweet,pickleball,air,juice
no color,smart,marching band,water,water
dark color,bubbly,marching band,earth,soda
no color,organized,marching band,earth,lemonade
no color,smart,marching band,water,water
bright colors,sweet,pickleball,earth,juice
light color,sweet,marching band,air,juice
bright colors,sweet,badminton,earth,juice
dark color,smart,marching band,air,soda
bright colors,sweet,badminton,air,lemonade
dark color,bubbly,dodgeball,air,soda
bright colors,sweet,badminton,air,lemonade
bright colors,sweet,badminton,water,juice
no color,smart,marching band,water,water
bright colors,sweet,pickleball,air,lemonade
light color,sweet,badminton,air,lemonade
light color,smart,marching band,air,lemonade
bright colors,smart,pickleball,water,lemonade
bright colors,organized,dodgeball,water,water
bright colors,smart,pickleball,earth,water
bright colors,organized,dodgeball,earth,water
light color,smart,pickleball,earth,lemonade
no color,organized,marching band,earth,water
bright colors,organized,dodgeball,water,water
dark color,bubbly,dodgeball,fire,soda
no color,organized,badminton,earth,water
bright colors,sweet,badminton,earth,juice
bright colors,sweet,badminton,water,juice
no color,organized,badminton,water,water
light color,smart,badminton,water,juice
light color,organized,pickleball,water,lemonade
dark color,bubbly,pickleball,fire,soda
bright colors,sweet,badminton,air,lemonade
no color,organized,dodgeball,earth,water
dark color,bubbly,dodgeball,air,soda
dark color,bubbly,dodgeball,air,soda
light color,organized,pickleball,water,water
no color,organized,dodgeball,water,water
bright colors,sweet,pickleball,water,juice
bright colors,sweet,pickleball,fire,lemonade
bright colors,sweet,marching band,air,lemonade
bright colors,sweet,pickleball,water,lemonade
bright colors,sweet,badminton,earth,lemonade
no color,organized,marching band,water,water
no color,organized,badminton,water,water
no color,smart,dodgeball,water,water
light color,smart,marching band,water,juice
dark color,bubbly,pickleball,earth,soda
bright colors,sweet,marching band,earth,lemonade
light color,smart,pickleball,water,juice
light color,organized,badminton,water,lemonade
bright colors,smart,pickleball,earth,water
dark color,bubbly,pickleball,air,soda
light color,organized,dodgeball,water,water
dark color,sweet,badminton,air,soda
dark color,bubbly,pickleball,air,soda
light color,sweet,pickleball,water,juice
light color,smart,dodgeball,earth,water
bright colors,organized,pickleball,earth,juice
bright colors,smart,marching band,earth,water
dark color,bubbly,pickleball,air,soda
dark color,bubbly,dodgeball,air,soda
dark color,bubbly,marching band,earth,soda
dark color,bubbly,pickleball,air,soda
dark color,bubbly,dodgeball,earth,soda
light color,sweet,marching band,air,juice
light color,sweet,marching band,air,lemonade
bright colors,organized,badminton,earth,lemonade
no color,smart,marching band,water,water
no color,smart,badminton,water,water
no color,organized,pickleball,water,water
dark color,bubbly,badminton,fire,soda
no color,organized,badminton,water,water
bright colors,smart,pickleball,air,juice
bright colors,smart,marching band,air,lemonade
light color,sweet,pickleball,earth,juice
no color,smart,marching band,earth,water
light color,smart,dodgeball,water,water
bright colors,organized,marching band,air,lemonade
no color,organized,marching band,earth,water
bright colors,sweet,badminton,water,juice
bright colors,organized,marching band,water,lemonade
bright colors,smart,badminton,air,lemonade
dark color,bubbly,dodgeball,earth,soda
no color,organized,marching band,water,water
light color,sweet,dodgeball,water,juice
bright colors,sweet,pickleball,water,juice
no color,organized,marching band,water,water
bright colors,sweet,pickleball,air,juice
no color,organized,dodgeball,water,water
no color,organized,dodgeball,earth,water
dark color,bubbly,badminton,air,soda
bright colors,sweet,badminton,water,juice
bright colors,sweet,badminton,water,juice
dark color,bubbly,marching band,air,soda
no color,organized,dodgeball,water,water
bright colors,smart,pickleball,water,juice
light color,smart,badminton,water,juice
bright colors,sweet,badminton,water,juice
bright colors,smart,badminton,earth,water
light color,sweet,marching band,earth,juice
dark color,organized,pickleball,air,soda
dark color,bubbly,dodgeball,air,soda
light color,organized,pickleball,earth,water
bright colors,organized,badminton,earth,water
light color,sweet,pickleball,air,juice
dark color,sweet,dodgeball,air,soda
bright colors,sweet,marching band,air,lemonade
dark color,organized,dodgeball,earth,soda
light color,smart,badminton,earth,juice
dark color,bubbly,dodgeball,earth,soda
dark color,bubbly,dodgeball,air,soda
dark color,bubbly,pickleball,air,soda
no color,organized,dodgeball,water,water
light color,sweet,pickleball,water,juice
bright colors,sweet,pickleball,air,juice
bright colors,sweet,pickleball,water,juice
dark color,sweet,marching band,fire,soda
bright colors,sweet,badminton,fire,lemonade
dark color,smart,badminton,earth,soda
no color,smart,dodgeball,water,water
dark color,smart,dodgeball,air,soda
light color,sweet,pickleball,air,juice
no color,organized,dodgeball,earth,water
dark color,bubbly,dodgeball,air,soda
light color,sweet,marching band,air,lemonade
light color,sweet,badminton,fire,lemonade
bright colors,sweet,badminton,water,lemonade
dark color,bubbly,marching band,air,soda
bright colors,smart,pickleball,water,juice
bright colors,sweet,pickleball,air,juice
dark color,bubbly,dodgeball,air,soda
bright colors,sweet,dodgeball,water,juice
no color,smart,pickleball,earth,water
bright colors,sweet,badminton,air,juice
dark color,bubbly,pickleball,air,soda
dark color,bubbly,dodgeball,air,soda
