Away team alias,Home team alias,Time in seconds,Jersey number,Inches from left baseline,Inches from bottom sideline,Made or miss
FSU,MIZZ,556,10,373,335,miss
FSU,MIZZ,808,15,282,459,miss
FSU,MIZZ,379,15,339,207,miss
FSU,MIZZ,386,11,330,404,miss
FSU,MIZZ,1476,11,759,296,miss
FSU,MIZZ,663,11,354,267,miss
FSU,MIZZ,2182,11,760,327,miss
FSU,MIZZ,757,24,60,569,miss
FSU,MIZZ,83,3,164,44,miss
FSU,MIZZ,868,3,259,75,miss
FSU,MIZZ,1701,13,879,517,miss
FSU,MIZZ,2251,13,823,473,miss
FSU,MIZZ,1198,15,311,452,miss
FSU,MIZZ,137,15,345,238,made
FSU,MIZZ,628,3,402,153,made
FSU,MIZZ,1255,3,762,208,made
FSU,MIZZ,2142,13,759,277,made
FSU,MIZZ,340,13,346,221,miss
FSU,MIZZ,1065,3,374,280,miss
FSU,MIZZ,1563,3,830,482,miss
FSU,MIZZ,1429,3,784,389,made
FSU,MIZZ,1733,3,759,224,made
FSU,MIZZ,1317,3,1031,575,made
FSU,MIZZ,33,3,74,567,made
FSU,MIZZ,776,5,890,527,miss
FSU,MIZZ,930,5,832,98,miss
FSU,MIZZ,1681,5,337,486,miss
FSU,MIZZ,1468,0,75,565,miss
FSU,MIZZ,396,23,1050,565,miss
FSU,MIZZ,2386,20,72,27,miss
FSU,MIZZ,2215,11,63,24,miss
FSU,MIZZ,1571,25,356,317,miss
FSU,MIZZ,1887,5,330,441,made
FSU,MIZZ,447,5,814,490,made
FSU,MIZZ,347,5,762,365,made
FSU,MIZZ,1038,0,794,146,made
FSU,MIZZ,1140,11,851,63,made
FSU,MIZZ,581,11,828,492,made
FSU,MIZZ,1411,25,109,29,made
KU,VILL,2304,5,270,74,miss
KU,VILL,307,5,1048,29,miss
KU,VILL,1080,5,820,420,miss
KU,VILL,2356,5,346,274,miss
KU,VILL,1323,4,347,269,miss
KU,VILL,1826,1,91,41,miss
KU,VILL,468,1,859,458,miss
KU,VILL,75,1,796,348,miss
KU,VILL,1224,1,220,509,miss
KU,VILL,1165,1,773,269,miss
KU,VILL,497,25,885,502,miss
KU,VILL,1198,25,894,514,miss
KU,VILL,1521,25,318,397,miss
KU,VILL,1637,14,144,41,miss
KU,VILL,1995,14,288,428,miss
KU,VILL,55,14,794,322,miss
KU,VILL,262,14,810,384,miss
KU,VILL,1014,14,1071,560,miss
KU,VILL,525,14,1068,34,miss
KU,VILL,755,2,1083,43,miss
KU,VILL,1007,10,937,68,miss
KU,VILL,1798,10,60,552,miss
KU,VILL,1856,14,962,39,miss
KU,VILL,2292,14,790,368,miss
KU,VILL,1125,14,339,356,miss
KU,VILL,1622,2,1076,557,miss
KU,VILL,2243,2,848,109,miss
KU,VILL,1884,0,813,400,miss
KU,VILL,1920,0,1083,46,miss
KU,VILL,1157,4,359,236,miss
KU,VILL,2137,4,808,403,miss
KU,VILL,1528,4,773,336,miss
KU,VILL,796,4,65,41,miss
KU,VILL,987,10,251,85,miss
KU,VILL,1333,10,808,341,miss
KU,VILL,2175,10,841,130,miss
KU,VILL,1261,4,312,116,made
KU,VILL,900,1,897,496,made
KU,VILL,867,1,782,260,made
KU,VILL,720,1,801,249,made
KU,VILL,2163,10,326,399,made
KU,VILL,1489,4,57,552,made
KU,VILL,126,25,870,121,made
KU,VILL,620,5,813,425,made
KU,VILL,975,5,842,442,made
KU,VILL,166,14,817,181,made
KU,VILL,1546,10,240,80,made
KU,VILL,85,4,1086,569,made
KU,VILL,584,4,1086,34,made
KU,VILL,677,25,1081,561,made
KU,VILL,242,14,917,74,made
KU,VILL,417,2,1093,564,made
KU,VILL,348,10,820,411,made
KU,VILL,1581,14,106,561,made
KU,VILL,880,4,336,328,made
KU,VILL,1498,4,838,125,made
KU,VILL,1458,4,838,133,made
KU,VILL,2312,4,880,489,made
KU,VILL,2183,14,1090,29,made
KU,VILL,763,14,181,533,made
KU,VILL,1729,10,1081,37,made
MICH,VILL,2374,23,804,168,miss
MICH,VILL,1057,2,311,441,miss
MICH,VILL,1199,2,596,96,miss
MICH,VILL,687,4,75,32,miss
MICH,VILL,2383,4,814,116,miss
MICH,VILL,808,13,357,279,miss
MICH,VILL,611,13,118,562,miss
MICH,VILL,2299,13,808,190,miss
MICH,VILL,815,3,304,132,miss
MICH,VILL,1786,3,848,490,miss
MICH,VILL,1298,22,1026,36,miss
MICH,VILL,1503,22,993,39,miss
MICH,VILL,1546,22,789,389,miss
MICH,VILL,1103,1,85,564,miss
MICH,VILL,328,1,268,91,miss
MICH,VILL,2222,12,1040,579,miss
MICH,VILL,723,12,302,123,miss
MICH,VILL,191,12,112,567,miss
MICH,VILL,2046,12,830,136,miss
MICH,VILL,429,12,297,96,miss
MICH,VILL,256,5,780,250,miss
MICH,VILL,1689,5,335,136,miss
MICH,VILL,1721,5,278,108,miss
MICH,VILL,214,4,1010,567,miss
MICH,VILL,311,4,782,360,miss
MICH,VILL,677,1,763,351,miss
MICH,VILL,2268,1,249,101,miss
MICH,VILL,1193,1,820,109,miss
MICH,VILL,1237,1,292,122,miss
MICH,VILL,420,25,811,417,miss
MICH,VILL,2100,25,359,320,miss
MICH,VILL,565,25,827,112,miss
MICH,VILL,520,25,1062,565,miss
MICH,VILL,1453,14,75,560,miss
MICH,VILL,1410,14,106,37,miss
MICH,VILL,1676,10,215,528,miss
MICH,VILL,513,10,1035,26,miss
MICH,VILL,1579,12,782,208,made
MICH,VILL,223,13,353,184,made
MICH,VILL,392,12,356,310,made
MICH,VILL,1157,1,770,222,made
MICH,VILL,1871,10,373,351,made
MICH,VILL,911,10,790,413,made
MICH,VILL,1923,10,288,495,made
MICH,VILL,833,10,779,214,made
MICH,VILL,1269,4,267,94,made
MICH,VILL,436,10,827,448,made
MICH,VILL,2025,25,266,512,made
MICH,VILL,1524,25,350,178,made
MICH,VILL,2169,25,319,95,made
L-IL,MICH,2152,4,1054,16,miss
L-IL,MICH,1903,0,776,310,miss
L-IL,MICH,1819,14,825,471,miss
L-IL,MICH,167,13,273,104,miss
L-IL,MICH,213,13,230,70,miss
L-IL,MICH,1924,5,817,479,miss
L-IL,MICH,2379,5,865,89,miss
L-IL,MICH,417,1,316,130,miss
L-IL,MICH,1522,0,856,105,miss
L-IL,MICH,504,2,775,383,miss
L-IL,MICH,2100,2,82,560,miss
L-IL,MICH,660,2,893,54,miss
L-IL,MICH,1914,13,332,305,miss
L-IL,MICH,1307,13,282,449,miss
L-IL,MICH,1003,13,775,270,miss
L-IL,MICH,2139,13,353,294,miss
L-IL,MICH,1774,5,371,315,miss
L-IL,MICH,206,3,1074,564,miss
L-IL,MICH,143,3,794,410,miss
L-IL,MICH,1137,22,827,462,miss
L-IL,MICH,1314,22,343,173,miss
L-IL,MICH,741,22,1090,567,miss
L-IL,MICH,1859,22,316,144,miss
L-IL,MICH,383,1,931,46,miss
L-IL,MICH,1443,3,295,82,miss
L-IL,MICH,817,12,782,366,miss
L-IL,MICH,1062,12,777,185,miss
L-IL,MICH,113,12,797,342,miss
L-IL,MICH,1826,12,361,178,miss
L-IL,MICH,1535,12,349,384,miss
L-IL,MICH,1489,13,792,392,made
L-IL,MICH,1984,13,112,30,made
L-IL,MICH,70,1,947,50,made
L-IL,MICH,232,13,759,270,made
L-IL,MICH,1333,22,57,565,made
L-IL,MICH,1694,5,68,29,made
L-IL,MICH,2221,13,345,296,made
L-IL,MICH,1780,22,361,420,made
HOU,MICH,2043,12,287,466,miss
HOU,MICH,2323,3,394,149,miss
HOU,MICH,725,32,824,164,miss
HOU,MICH,1136,5,784,373,miss
HOU,MICH,1143,12,906,514,miss
HOU,MICH,649,12,897,61,miss
HOU,MICH,687,32,779,228,made
HOU,MICH,585,32,817,427,miss
HOU,MICH,2009,32,340,372,miss
HOU,MICH,403,3,806,401,miss
HOU,MICH,1336,32,315,437,miss
HOU,MICH,1507,5,333,327,miss
HOU,MICH,609,12,1006,567,made
HOU,MICH,1654,32,322,142,made
HOU,MICH,2203,3,170,554,made
HOU,MICH,810,5,794,219,made
HOU,MICH,497,32,772,365,made
HOU,MICH,1748,32,287,489,made
HOU,MICH,921,2,340,297,miss
HOU,MICH,955,2,277,506,miss
HOU,MICH,239,4,335,401,miss
HOU,MICH,525,13,364,363,miss
HOU,MICH,1387,13,783,194,miss
HOU,MICH,833,3,316,174,miss
HOU,MICH,1987,3,799,164,miss
HOU,MICH,1520,3,839,461,miss
HOU,MICH,1972,22,824,132,miss
HOU,MICH,1980,22,1086,27,miss
HOU,MICH,1862,22,855,92,miss
HOU,MICH,991,22,325,126,miss
HOU,MICH,1256,1,818,437,miss
HOU,MICH,192,3,347,250,miss
HOU,MICH,2353,1,777,269,miss
HOU,MICH,47,1,336,400,miss
HOU,MICH,99,12,314,399,miss
HOU,MICH,94,12,342,305,miss
HOU,MICH,1120,12,285,95,miss
HOU,MICH,293,12,350,331,miss
HOU,MICH,1196,12,326,332,miss
HOU,MICH,627,2,156,555,made
HOU,MICH,1925,12,782,190,miss
HOU,MICH,1350,13,810,216,made
HOU,MICH,572,22,233,50,made
HOU,MICH,2057,1,951,46,made
HOU,MICH,382,22,322,184,made
HOU,MICH,335,22,326,78,made
HOU,MICH,2399,2,776,461,made
HOU,MICH,1771,13,904,67,made
FLA,TTU,1618,2,820,471,miss
FLA,TTU,462,25,377,298,miss
FLA,TTU,1540,23,784,414,miss
FLA,TTU,969,23,357,384,miss
FLA,TTU,1117,23,360,407,miss
FLA,TTU,1534,10,854,523,miss
FLA,TTU,2212,1,1078,23,miss
FLA,TTU,2092,1,961,555,miss
FLA,TTU,100,12,225,541,made
FLA,TTU,371,12,398,249,miss
FLA,TTU,1299,2,789,368,made
FLA,TTU,858,23,387,349,made
FLA,TTU,2246,12,890,537,made
FLA,TTU,661,2,363,204,made
FLA,TTU,306,12,366,434,made
FLA,TTU,1546,25,75,574,miss
FLA,TTU,1901,3,280,499,miss
FLA,TTU,1831,3,298,112,miss
FLA,TTU,990,11,806,478,miss
FLA,TTU,1869,4,380,159,miss
FLA,TTU,2392,4,122,568,miss
FLA,TTU,607,4,807,437,miss
FLA,TTU,2351,4,378,424,miss
FLA,TTU,2397,5,46,565,miss
FLA,TTU,1700,5,288,513,miss
FLA,TTU,1088,3,745,288,miss
FLA,TTU,810,11,755,308,miss
FLA,TTU,1638,5,378,369,made
FLA,TTU,708,4,779,411,miss
FLA,TTU,920,5,784,423,miss
FLA,TTU,402,4,882,545,miss
FLA,TTU,1797,5,233,51,miss
FLA,TTU,538,11,794,98,made
FLA,TTU,349,4,810,113,made
FLA,TTU,166,3,810,481,made
FLA,TTU,1353,3,335,437,made
FLA,TTU,612,4,910,560,made
OSU,GONZ,647,24,225,519,miss
OSU,GONZ,2196,3,851,485,miss
OSU,GONZ,1607,3,978,41,miss
OSU,GONZ,259,3,233,65,miss
OSU,GONZ,1473,3,814,442,miss
OSU,GONZ,2389,3,807,403,miss
OSU,GONZ,1316,15,827,105,miss
OSU,GONZ,1505,15,758,260,miss
OSU,GONZ,1047,15,46,554,miss
OSU,GONZ,1103,13,98,39,miss
OSU,GONZ,2040,33,782,215,made
OSU,GONZ,2399,33,768,281,made
OSU,GONZ,2304,33,810,101,miss
OSU,GONZ,2070,33,894,68,miss
OSU,GONZ,1350,33,793,336,miss
OSU,GONZ,653,33,213,538,miss
OSU,GONZ,1053,33,259,497,miss
OSU,GONZ,1214,3,861,92,made
OSU,GONZ,1536,3,800,383,made
OSU,GONZ,342,1,315,414,made
OSU,GONZ,413,15,318,380,made
OSU,GONZ,1767,15,839,451,made
OSU,GONZ,1251,15,1017,560,made
OSU,GONZ,837,0,271,473,made
OSU,GONZ,470,33,352,264,made
OSU,GONZ,722,33,342,288,made
OSU,GONZ,1948,13,335,139,miss
OSU,GONZ,1620,13,352,215,miss
OSU,GONZ,679,13,801,432,miss
OSU,GONZ,2177,21,285,135,made
OSU,GONZ,1389,0,282,81,miss
OSU,GONZ,2111,0,141,557,miss
OSU,GONZ,807,33,968,537,miss
OSU,GONZ,572,33,987,554,miss
OSU,GONZ,610,23,808,411,made
OSU,GONZ,443,23,909,46,miss
OSU,GONZ,1555,23,243,68,miss
OSU,GONZ,701,23,762,166,miss
OSU,GONZ,2016,23,187,51,miss
OSU,GONZ,125,23,990,561,miss
OSU,GONZ,1342,3,330,376,miss
OSU,GONZ,981,0,845,112,made
OSU,GONZ,2262,23,109,34,made
OSU,GONZ,1116,23,917,61,made
OSU,GONZ,2050,23,64,37,made
OSU,GONZ,170,23,1061,33,made
OSU,GONZ,579,24,1037,30,made
OSU,GONZ,92,23,1102,562,made
MRSH,WVU,1797,23,997,27,miss
MRSH,WVU,559,3,326,191,made
MRSH,WVU,1368,2,783,305,made
MRSH,WVU,477,15,89,13,miss
MRSH,WVU,897,15,299,451,miss
MRSH,WVU,673,15,318,425,miss
MRSH,WVU,2322,15,793,185,miss
MRSH,WVU,1148,13,340,454,miss
MRSH,WVU,913,3,230,89,miss
MRSH,WVU,180,2,275,466,miss
MRSH,WVU,1554,2,823,427,miss
MRSH,WVU,469,4,264,473,miss
MRSH,WVU,82,4,340,393,miss
MRSH,WVU,1307,4,906,537,miss
MRSH,WVU,1028,2,326,408,made
MRSH,WVU,1517,2,797,202,made
MRSH,WVU,1755,4,797,224,miss
MRSH,WVU,1339,2,1030,569,made
MRSH,WVU,387,15,259,68,made
MRSH,WVU,585,15,185,521,made
MRSH,WVU,1907,2,1055,23,made
MRSH,WVU,1266,15,842,96,made
MRSH,WVU,1670,4,749,328,made
MRSH,WVU,1398,4,1079,581,made
MRSH,WVU,798,4,278,472,made
MRSH,WVU,2298,12,288,475,miss
MRSH,WVU,1451,14,70,581,miss
MRSH,WVU,1062,14,1027,37,miss
MRSH,WVU,1465,14,345,298,miss
MRSH,WVU,1810,14,319,157,miss
MRSH,WVU,2178,33,339,157,miss
MRSH,WVU,285,33,827,457,miss
MRSH,WVU,1596,33,314,483,miss
MRSH,WVU,1115,33,1035,565,miss
MRSH,WVU,201,33,835,58,miss
MRSH,WVU,1279,33,390,207,miss
MRSH,WVU,24,13,811,102,miss
MRSH,WVU,2364,32,373,231,miss
MRSH,WVU,1039,21,1059,565,miss
MRSH,WVU,2269,32,116,26,made
MRSH,WVU,1934,12,304,444,made
MRSH,WVU,1413,14,321,194,made
MRSH,WVU,62,33,753,226,made
MRSH,WVU,1284,11,301,441,made
MRSH,WVU,1492,33,401,273,made
MRSH,WVU,2055,33,350,386,made
MRSH,WVU,93,11,784,294,made
MRSH,WVU,1683,23,301,466,made
MRSH,WVU,365,21,1007,32,made
MRSH,WVU,2081,14,297,465,made
MRSH,WVU,128,3,1068,575,made
SYR,MSU,1199,20,141,545,made
SYR,MSU,1823,20,796,315,miss
SYR,MSU,562,20,328,159,miss
SYR,MSU,1913,20,776,353,miss
SYR,MSU,1644,20,923,67,miss
SYR,MSU,2151,20,986,48,miss
SYR,MSU,1829,22,1083,562,miss
SYR,MSU,526,22,120,39,miss
SYR,MSU,626,22,174,47,miss
SYR,MSU,556,22,352,339,miss
SYR,MSU,928,22,77,548,miss
SYR,MSU,1998,22,1072,560,miss
SYR,MSU,1076,22,105,565,miss
SYR,MSU,2366,22,821,425,miss
SYR,MSU,1227,5,765,421,made
SYR,MSU,78,5,321,365,miss
SYR,MSU,417,5,343,336,miss
SYR,MSU,1381,5,821,407,miss
SYR,MSU,1070,5,339,279,miss
SYR,MSU,1063,5,332,239,miss
SYR,MSU,1547,5,779,216,miss
SYR,MSU,372,1,295,488,miss
SYR,MSU,2325,1,934,67,miss
SYR,MSU,2198,1,1034,34,miss
SYR,MSU,1746,1,954,537,miss
SYR,MSU,2181,1,876,113,miss
SYR,MSU,738,1,237,94,miss
SYR,MSU,2130,5,792,325,miss
SYR,MSU,2387,22,1010,554,miss
SYR,MSU,1198,20,102,557,miss
SYR,MSU,1153,5,284,447,miss
SYR,MSU,1023,22,230,85,made
SYR,MSU,754,5,312,106,made
SYR,MSU,584,5,78,557,made
SYR,MSU,1334,22,815,411,made
SYR,MSU,1466,22,782,307,made
SYR,MSU,127,1,202,65,made
SYR,MSU,411,25,854,466,miss
SYR,MSU,2221,25,321,146,miss
SYR,MSU,96,11,1086,34,miss
SYR,MSU,330,11,918,61,miss
SYR,MSU,648,11,834,154,miss
SYR,MSU,2102,25,330,406,miss
SYR,MSU,1575,23,282,142,miss
SYR,MSU,1122,11,973,53,made
SYR,TCU,425,25,899,82,miss
SYR,TCU,1904,25,236,92,miss
SYR,TCU,1667,25,240,71,miss
SYR,TCU,1192,25,796,411,miss
SYR,TCU,1614,23,359,368,miss
SYR,TCU,2363,23,383,283,miss
SYR,TCU,1969,23,158,548,miss
SYR,TCU,1864,11,271,486,miss
SYR,TCU,2167,11,349,312,miss
SYR,TCU,569,11,1059,27,miss
SYR,TCU,1830,23,77,39,made
SYR,TCU,1487,25,61,40,made
SYR,TCU,832,21,866,503,made
SYR,TCU,1296,12,1048,554,miss
SYR,TCU,69,12,61,39,miss
SYR,TCU,495,2,243,56,miss
SYR,TCU,2331,1,876,92,miss
SYR,TCU,1168,1,295,74,miss
SYR,TCU,1110,1,366,349,miss
SYR,TCU,2185,1,862,88,miss
SYR,TCU,2288,25,797,392,miss
SYR,TCU,2394,25,751,352,miss
SYR,TCU,997,25,240,84,miss
SYR,TCU,1633,25,1024,554,miss
SYR,TCU,1336,34,792,348,miss
SYR,TCU,1049,34,347,392,miss
SYR,TCU,2026,34,808,53,miss
SYR,TCU,182,34,226,89,miss
SYR,TCU,230,12,61,37,made
SYR,TCU,455,12,67,36,made
SYR,TCU,75,1,357,249,made
FSU,XAV,2174,5,1075,562,miss
FSU,XAV,90,2,381,304,miss
FSU,XAV,132,0,305,70,miss
FSU,XAV,651,0,263,479,miss
FSU,XAV,854,0,87,558,miss
FSU,XAV,1728,0,873,82,miss
FSU,XAV,1941,23,1048,32,miss
FSU,XAV,1750,23,1057,564,miss
FSU,XAV,1003,23,140,561,miss
FSU,XAV,1154,23,70,561,miss
FSU,XAV,536,11,261,459,miss
FSU,XAV,1694,11,842,465,miss
FSU,XAV,1132,11,196,37,miss
FSU,XAV,404,5,343,379,miss
FSU,XAV,101,11,367,149,made
FSU,XAV,1198,11,388,201,miss
FSU,XAV,801,5,357,246,made
FSU,XAV,1555,5,841,95,made
FSU,XAV,2331,5,894,503,made
FSU,XAV,48,11,71,26,made
FSU,XAV,247,0,68,560,made
FSU,XAV,1896,14,1074,562,made
FSU,XAV,1078,11,118,36,made
FSU,XAV,313,55,1030,26,miss
FSU,XAV,2391,11,364,304,miss
FSU,XAV,673,1,1037,558,miss
FSU,XAV,1380,22,346,171,miss
FSU,XAV,931,22,997,550,miss
FSU,XAV,1105,13,1042,561,miss
FSU,XAV,783,5,815,418,miss
FSU,XAV,1522,5,118,571,miss
FSU,XAV,1615,5,294,132,made
FSU,XAV,222,55,1058,576,made
FSU,XAV,1183,55,760,298,made
FSU,XAV,469,1,1052,23,made
FSU,XAV,542,22,1050,555,made
UMBC,KSU,322,5,1028,20,miss
UMBC,KSU,67,3,782,263,miss
UMBC,KSU,2169,3,345,242,miss
UMBC,KSU,1496,3,64,561,miss
UMBC,KSU,470,0,765,255,miss
UMBC,KSU,1130,0,1010,29,miss
UMBC,KSU,1794,20,288,111,miss
UMBC,KSU,299,20,911,58,miss
UMBC,KSU,176,20,863,50,miss
UMBC,KSU,1352,2,316,170,made
UMBC,KSU,136,2,814,403,miss
UMBC,KSU,891,23,1021,34,miss
UMBC,KSU,1366,11,928,65,made
UMBC,KSU,368,11,194,54,miss
UMBC,KSU,1896,23,790,301,miss
UMBC,KSU,231,33,198,50,miss
UMBC,KSU,640,33,287,104,miss
UMBC,KSU,1408,33,938,58,miss
UMBC,KSU,1954,33,868,479,miss
UMBC,KSU,2039,10,763,297,made
UMBC,KSU,1183,10,378,181,miss
UMBC,KSU,2349,10,808,447,miss
UMBC,KSU,2113,10,1075,567,miss
UMBC,KSU,499,10,323,191,miss
UMBC,KSU,47,13,339,239,miss
UMBC,KSU,1612,13,1006,552,miss
UMBC,KSU,1435,13,1013,562,miss
UMBC,KSU,560,13,315,392,miss
UMBC,KSU,1674,5,1072,571,miss
UMBC,KSU,1852,5,1072,564,miss
UMBC,KSU,1535,23,808,407,made
UMBC,KSU,111,33,314,448,made
UMBC,KSU,393,5,89,32,made
UMBC,KSU,1449,11,892,84,made
URI,DUKE,2160,0,98,36,made
URI,DUKE,499,2,800,359,miss
URI,DUKE,2017,2,143,34,miss
URI,DUKE,1143,0,937,58,miss
URI,DUKE,1004,0,803,383,miss
URI,DUKE,2090,0,251,51,miss
URI,DUKE,272,0,773,287,miss
URI,DUKE,937,32,913,74,miss
URI,DUKE,1312,32,312,435,miss
URI,DUKE,570,32,734,249,miss
URI,DUKE,1574,32,329,392,miss
URI,DUKE,1685,1,345,425,miss
URI,DUKE,2154,1,360,281,miss
URI,DUKE,1949,2,294,465,made
URI,DUKE,1835,2,254,479,made
URI,DUKE,893,0,746,297,made
URI,DUKE,595,0,828,469,made
URI,DUKE,47,0,779,380,made
URI,DUKE,2113,32,92,555,made
URI,DUKE,1182,1,267,60,made
URI,DUKE,755,3,267,106,made
URI,DUKE,1492,1,1055,34,miss
URI,DUKE,212,1,115,37,miss
URI,DUKE,485,1,64,561,miss
URI,DUKE,398,3,65,75,miss
URI,DUKE,1131,2,325,324,miss
URI,DUKE,128,2,57,32,miss
URI,DUKE,454,2,167,541,miss
URI,DUKE,1232,2,837,122,miss
URI,DUKE,1783,2,803,161,miss
URI,DUKE,2382,50,842,95,miss
URI,DUKE,1099,35,287,451,miss
URI,DUKE,1553,3,910,44,made
URI,DUKE,2348,14,848,74,made
URI,DUKE,177,2,146,550,made
URI,DUKE,669,2,323,263,made
URI,DUKE,552,2,82,578,made
URI,DUKE,581,3,361,146,made
URI,DUKE,1633,35,824,139,made
URI,DUKE,1858,2,968,50,made
HALL,KU,750,14,759,308,miss
PENN,KU,734,4,782,345,miss
PENN,KU,666,4,779,386,miss
PENN,KU,1143,4,775,257,made
PENN,KU,260,4,776,211,miss
PENN,KU,145,2,1007,37,made
PENN,KU,1889,2,94,36,made
PENN,KU,641,2,789,317,miss
BUFF,UK,326,5,223,534,miss
DAV,UK,1781,32,1083,37,miss
DAV,UK,174,3,164,538,miss
DAV,UK,427,0,285,129,miss
DAV,UK,1874,5,903,58,miss
ALA,VT,167,4,57,558,made
ALA,VT,54,4,65,20,miss
ALA,VT,1023,10,237,61,made
ALA,VT,2378,4,763,372,miss
ALA,VT,2362,4,852,101,made
ALA,VT,89,10,115,29,made
ALA,VILL,663,25,285,105,miss
ALA,VT,751,2,792,346,miss
ALA,VILL,1840,25,1059,20,miss
ALA,VILL,1460,5,1059,564,miss
ALA,VT,1415,23,383,355,miss
ALA,VILL,1499,23,1037,557,made
BUT,ARK,1538,0,768,214,miss
BUT,ARK,1062,4,314,94,miss
BUT,ARK,2040,0,955,545,miss
BUT,ARK,2378,31,873,496,miss
BUT,ARK,201,4,253,502,miss
CLEM,AUB,2366,4,301,458,miss
CLEM,AUB,442,4,868,490,made
CLEM,AUB,932,2,899,54,miss
CLEM,AUB,88,13,1002,33,miss
CLEM,AUB,404,2,956,48,made
CLEM,AUB,1759,1,366,293,made
COFC,AUB,148,5,783,287,miss
COFC,AUB,204,2,892,104,miss
COFC,AUB,10,13,797,304,miss
COFC,AUB,568,10,796,291,miss
COFC,AUB,275,2,790,231,miss
COFC,AUB,2323,1,335,382,made
COFC,AUB,945,4,1082,29,miss
COFC,AUB,1547,2,329,290,miss
COFC,AUB,923,5,762,274,miss
BUT,PUR,861,25,216,58,miss
BUT,PUR,450,30,254,71,made
BUT,PUR,210,22,51,555,made
BUT,ARK,2024,3,99,560,made
BUT,ARK,1097,30,803,150,made
BUT,ARK,1270,3,229,512,miss
BUT,ARK,1727,30,178,47,miss
BUT,ARK,488,30,865,72,miss
BUT,ARK,1848,30,291,485,miss
BUT,ARK,1347,30,254,505,made
NEV,CIN,37,34,263,109,made
GAST,CIN,1677,1,154,550,miss
GAST,CIN,438,15,925,519,miss
GAST,CIN,1520,34,199,41,made
NEV,CIN,469,34,154,558,made
GAST,CIN,1060,24,971,543,made
GAST,CIN,513,34,880,78,made
CSF,PUR,2362,12,1051,33,miss
CSF,PUR,150,0,275,88,made
CSF,PUR,1227,14,944,544,miss
CSF,PUR,856,14,160,41,made
CSF,PUR,769,1,322,370,miss
DAV,UK,2256,23,105,555,miss
DAV,UK,1174,3,906,526,miss
DAV,UK,2386,31,72,37,made
DAV,UK,1889,23,311,414,miss
DAV,UK,2343,23,194,43,miss
SBON,FLA,132,5,288,118,miss
SBON,FLA,1029,0,254,98,made
SBON,FLA,1169,25,94,554,miss
SBON,FLA,565,25,336,315,made
SBON,FLA,521,3,290,465,miss
SBON,FLA,1229,5,1057,34,made
SBON,FLA,759,11,361,129,miss
SDSU,HOU,1226,5,1054,40,miss
SDSU,HOU,1833,5,975,48,miss
SDSU,HOU,468,32,336,260,made
KSU,CREI,1967,0,125,558,made
KSU,CREI,2012,20,370,315,miss
KSU,CREI,891,2,722,274,made
KSU,CREI,1647,3,330,105,miss
KSU,CREI,1301,20,367,267,made
KSU,CREI,2207,0,165,36,made
KSU,CREI,128,3,818,444,made
LIP,UNC,419,21,88,27,made
LIP,UNC,744,24,319,435,miss
LIP,UNC,1777,12,782,214,miss
LIP,UNC,943,12,335,245,miss
LIP,UNC,1319,24,828,121,miss
LIP,UNC,699,3,336,322,miss
LIP,UNC,316,12,312,414,miss
LIP,UNC,1394,24,841,121,miss
LIP,UNC,1750,22,1042,23,miss
L-IL,MIA,1859,4,831,414,made
L-IL,MIA,732,4,337,404,miss
L-IL,MIA,1679,4,782,373,miss
BUCK,MSU,597,1,1069,574,made
BUCK,MSU,122,22,838,465,miss
BUCK,MSU,933,5,1041,20,miss
BUCK,MSU,571,1,866,99,miss
NEV,CIN,1853,21,239,493,made
NEV,CIN,1643,21,81,552,miss
NEV,CIN,1785,21,345,232,made
NEV,CIN,963,10,769,300,miss
NEV,CIN,1556,24,352,318,miss
TEX,NEV,2151,10,903,36,miss
TEX,NEV,182,24,380,277,miss
SDST,OSU,521,33,270,502,made
SDST,OSU,1520,13,804,113,miss
SDST,OSU,1839,3,792,304,miss
SDST,OSU,1364,15,806,180,miss
SDST,OSU,782,3,345,147,made
SDST,OSU,247,24,336,416,miss
SDST,OSU,391,3,337,147,made
SDST,OSU,168,3,381,235,miss
SDST,OSU,817,3,329,416,miss
SDST,OSU,437,33,356,174,made
CSF,PUR,361,14,763,264,made
CSF,PUR,1627,31,333,373,made
BUT,PUR,895,31,975,545,miss
CSF,PUR,1244,11,244,506,made
CSF,PUR,1921,12,352,311,made
RAD,VILL,779,14,357,264,miss
RAD,VILL,2393,23,752,404,miss
RAD,VILL,1577,5,801,425,made
SFA,TTU,554,11,167,548,miss
SFA,TTU,480,5,299,455,miss
SFA,TTU,2364,5,880,495,miss
SFA,TTU,1271,22,815,401,made
SFA,TTU,1332,4,792,372,made
TEX,NEV,1094,12,738,255,made
TEX,NEV,886,2,817,466,made
TEX,NEV,556,4,811,403,miss
TEX,NEV,1975,12,357,384,miss
TEX,NEV,1124,3,992,574,made
SFA,TTU,1443,12,367,185,made
LIP,UNC,1721,2,383,281,miss
TXAM,UNC,1215,2,800,166,miss
LIP,UNC,2059,2,370,304,miss
TXAM,UNC,1308,13,807,125,miss
LIP,UNC,1024,2,831,462,made
TXAM,UNC,1955,13,758,133,made
LIP,UNC,2308,2,199,51,miss
TXAM,UNC,1428,2,797,154,miss
TXAM,UNC,1752,32,918,41,miss
TXAM,UNC,1495,32,862,506,miss
LIP,UNC,451,2,808,174,miss
LIP,UNC,1625,24,277,139,miss
TXAM,UNC,1501,24,879,505,miss
TXAM,UNC,1991,13,801,137,miss
TXAM,UNC,2246,3,794,416,made
OKLA,URI,790,0,54,19,miss
OKLA,URI,483,1,371,267,miss
OKLA,URI,1974,0,852,464,miss
OKLA,URI,571,1,78,565,made
OKLA,URI,2584,0,916,514,made
UMBC,UVA,297,5,838,121,miss
UMBC,UVA,1190,11,772,102,miss
UMBC,UVA,706,11,876,72,miss
UMBC,UVA,1810,21,236,516,made
UMBC,UVA,396,11,751,225,miss
UMBC,UVA,1653,0,339,101,miss
UMBC,UVA,1684,11,208,534,miss
MURR,WVU,163,21,287,115,made
MURR,WVU,308,23,343,277,miss
MURR,WVU,596,21,321,404,miss
MURR,WVU,1101,2,77,562,miss
TXSO,XAV,1089,1,1059,26,miss
TXSO,XAV,1626,5,236,500,miss
TXSO,XAV,544,55,858,479,made
TXSO,XAV,2194,11,48,557,miss
TXSO,XAV,748,22,893,78,miss
TXSO,XAV,372,5,997,32,miss
TXSO,XAV,1979,11,260,101,made
TXSO,XAV,2104,5,285,126,miss
BUFF,ARIZ,1805,13,332,233,miss
BUFF,ARIZ,2209,1,326,249,miss
BUFF,ARIZ,383,35,790,349,miss
BUFF,ARIZ,1695,1,343,270,miss
BUFF,ARIZ,1876,35,316,368,miss
BUCK,MSU,189,2,343,236,miss
BUCK,MSU,874,23,315,461,made
BUFF,UK,355,10,773,255,miss
BUFF,UK,1505,1,99,33,miss
BUFF,UK,1764,3,118,29,miss
BUFF,UK,1593,10,340,159,miss
BUFF,UK,1994,2,352,226,miss
BUFF,UK,891,5,839,61,made
BUFF,ARIZ,1812,5,894,509,made
BUFF,ARIZ,42,5,325,154,made
BUFF,ARIZ,925,2,102,564,miss
BUFF,ARIZ,1586,33,844,105,made
CLEM,AUB,1216,25,766,304,made
CLEM,AUB,953,22,314,438,miss
CLEM,AUB,1914,21,849,465,miss
NMSU,CLEM,862,10,328,167,made
NMSU,CLEM,962,25,112,33,made
NMSU,CLEM,134,2,316,432,made
NMSU,CLEM,1357,4,818,180,made
NMSU,CLEM,1212,2,806,311,miss
COFC,AUB,1037,21,374,396,miss
COFC,AUB,1378,1,804,397,miss
COFC,AUB,1534,5,803,231,made
COFC,AUB,1998,1,777,318,miss
KSU,CREI,1810,24,1059,30,miss
KSU,CREI,2171,0,799,382,miss
KSU,CREI,247,2,95,27,miss
IONA,DUKE,1535,1,110,561,made
IONA,DUKE,878,35,825,442,made
IONA,DUKE,1597,3,257,486,miss
IONA,DUKE,271,3,875,96,miss
IONA,DUKE,306,3,1061,36,miss
IONA,DUKE,1059,2,1064,562,made
IONA,DUKE,1354,2,298,135,miss
IONA,DUKE,174,3,949,547,made
IONA,DUKE,721,2,808,163,miss
GAST,CIN,1018,2,337,288,miss
GAST,CIN,2366,24,821,399,miss
GAST,CIN,540,2,263,495,miss
GAST,CIN,1454,30,1109,565,miss
GAST,CIN,2183,15,806,201,miss
GAST,CIN,1223,2,868,102,miss
GAST,CIN,1025,15,198,63,miss
UNCG,GONZ,477,13,878,499,miss
UNCG,GONZ,1629,24,250,102,miss
UNCG,GONZ,1667,23,347,185,miss
UNCG,GONZ,941,13,837,96,miss
UNCG,GONZ,1067,23,842,159,miss
NCST,HALL,191,13,89,554,made
NCST,HALL,676,0,363,301,made
NCST,HALL,1053,4,120,34,miss
HALL,KU,367,20,376,194,miss
HALL,KU,789,20,353,359,made
HALL,KU,1438,13,900,65,miss
NCST,HALL,265,0,363,211,made
HALL,KU,2155,13,782,339,made
HALL,KU,1684,0,772,317,made
NCST,HALL,1348,20,804,393,miss
HALL,KU,2280,0,1055,20,miss
HALL,KU,235,13,225,56,miss
NCST,HALL,417,20,108,558,made
NCST,HALL,1803,13,744,287,miss
IONA,DUKE,455,1,345,286,miss
L-IL,MIA,200,13,784,300,made
L-IL,MIA,2399,0,353,281,made
L-IL,TENN,559,1,352,336,miss
L-IL,TENN,1360,13,1051,568,made
L-IL,MIA,2033,13,298,149,miss
L-IL,TENN,1905,14,837,492,miss
L-IL,MIA,1158,24,797,207,miss
L-IL,MIA,1385,0,315,194,miss
L-IL,TENN,1020,14,323,140,miss
MONT,MICH,1588,1,146,569,miss
MONT,MICH,577,14,291,102,miss
MONT,MICH,201,14,335,116,miss
MONT,MICH,138,24,366,274,miss
MONT,MICH,17,0,309,152,made
MONT,MICH,1454,24,790,149,miss
MONT,MICH,1616,24,1074,575,miss
MRSH,WICH,314,33,374,183,miss
MRSH,WICH,1304,14,1069,568,miss
MRSH,WICH,1363,11,800,387,miss
MRSH,WICH,1916,13,870,63,miss
MRSH,WICH,459,14,225,54,miss
MRSH,WICH,645,21,63,561,miss
MRSH,WICH,1539,14,1089,26,made
MRSH,WICH,2211,13,724,298,made
MRSH,WICH,1125,33,326,386,miss
MRSH,WICH,1422,3,845,479,made
MURR,WVU,1055,11,885,502,miss
MURR,WVU,674,0,883,488,made
MURR,WVU,2306,2,371,298,miss
MURR,WVU,721,25,983,565,made
MURR,WVU,2253,12,46,560,miss
NCST,HALL,184,14,775,274,miss
NCST,HALL,872,11,828,111,miss
NCST,HALL,1477,11,364,222,miss
NCST,HALL,900,0,882,479,miss
NCST,HALL,2343,12,315,408,miss
NCST,HALL,1222,10,339,116,miss
NCST,HALL,1402,11,292,108,miss
NMSU,CLEM,545,1,773,243,made
NMSU,CLEM,2222,23,290,96,miss
NMSU,CLEM,1558,0,267,526,miss
NMSU,CLEM,638,11,776,142,miss
NMSU,CLEM,2255,10,260,72,miss
NMSU,CLEM,16,23,828,95,made
NMSU,CLEM,2388,12,332,96,miss
NMSU,CLEM,2372,23,332,406,made
OKLA,URI,293,11,839,479,made
OKLA,URI,1277,11,26,30,miss
OKLA,URI,2276,11,319,133,made
OKLA,URI,2201,11,361,369,miss
OKLA,URI,1228,0,196,536,made
PENN,KU,421,2,332,359,miss
PENN,KU,1165,10,222,57,made
PENN,KU,887,10,96,564,miss
PROV,TXAM,1146,5,863,84,miss
PROV,TXAM,2385,21,99,27,made
PROV,TXAM,2174,44,232,84,miss
PROV,TXAM,1813,11,94,36,made
SBON,FLA,735,4,918,58,miss
SBON,FLA,777,2,765,298,made
SBON,FLA,2299,2,366,222,miss
SBON,FLA,166,2,870,503,miss
SBON,FLA,1793,11,235,91,miss
SDST,OSU,322,24,1051,24,made
SDSU,HOU,902,0,848,513,miss
SDSU,HOU,1136,0,807,382,miss
L-IL,TENN,1750,1,312,444,miss
L-IL,TENN,1627,1,278,454,made
L-IL,TENN,428,3,980,560,miss
L-IL,TENN,61,5,910,74,miss
WRST,TENN,1889,5,246,524,miss
WRST,TENN,33,23,880,70,miss
L-IL,TENN,2336,5,256,108,miss
L-IL,TENN,23,5,987,555,made
PROV,TXAM,1877,3,921,61,miss
TXAM,UNC,1529,1,268,512,miss
TXAM,UNC,1347,1,343,410,miss
PROV,TXAM,825,3,299,430,miss
TXAM,UNC,1188,2,794,246,made
PROV,TXAM,1234,2,768,297,made
PROV,TXAM,372,2,171,160,miss
PROV,TXAM,904,0,284,87,made
TXSO,XAV,1875,33,825,455,miss
TXSO,XAV,278,3,280,106,made
TXSO,XAV,2150,3,796,380,miss
TXSO,XAV,1677,2,830,416,miss
TXSO,XAV,970,2,333,201,miss
TXSO,XAV,598,2,292,144,miss
UMBC,UVA,1419,13,790,401,made
UMBC,UVA,925,11,356,200,made
UMBC,UVA,1012,10,411,311,made
UMBC,UVA,691,23,180,36,miss
UMBC,UVA,2325,5,1076,568,made
UMBC,UVA,1539,10,799,185,miss
UMBC,UVA,453,11,333,483,miss
UMBC,UVA,460,5,401,320,made
UMBC,UVA,1886,11,780,233,made
UNCG,GONZ,1321,32,909,524,made
UNCG,GONZ,1199,1,209,534,miss
UNCG,GONZ,1527,14,842,128,made
UNCG,GONZ,1473,1,814,205,miss
RAD,VILL,2375,34,347,167,miss
ALA,VILL,1641,4,110,558,made
ALA,VILL,2290,34,261,75,miss
ALA,VILL,2124,2,285,503,made
ALA,VILL,44,25,896,517,miss
ALA,VILL,117,1,914,36,miss
RAD,VILL,2243,2,345,239,made
ALA,VILL,2010,25,297,137,miss
RAD,VILL,2333,2,373,303,miss
MRSH,WICH,217,24,818,125,miss
MRSH,WICH,1373,11,380,185,miss
MRSH,WICH,304,33,780,88,miss
MRSH,WICH,1106,33,1083,27,made
MRSH,WICH,967,32,1075,23,miss
MRSH,WICH,881,33,928,34,made
MRSH,WICH,263,33,873,482,made
MRSH,WICH,617,32,1072,19,miss
WRST,TENN,1199,13,64,15,miss
WRST,TENN,1406,0,786,325,miss
WRST,TENN,715,13,249,82,miss
WRST,TENN,642,31,323,447,miss
WRST,TENN,925,13,369,92,miss
SYR,DUKE,739,25,933,541,made
SYR,DUKE,1981,25,247,540,miss
SYR,DUKE,1381,25,185,554,miss
SYR,DUKE,967,25,775,297,miss
SYR,DUKE,1826,23,282,516,miss
SYR,DUKE,776,23,817,81,miss
SYR,DUKE,2087,11,304,444,miss
SYR,DUKE,1304,11,346,296,miss
SYR,DUKE,1069,11,1030,569,miss
SYR,DUKE,2385,25,349,150,miss
SYR,DUKE,109,25,937,541,made
SYR,DUKE,2259,25,335,190,made
SYR,DUKE,673,25,1058,27,made
SYR,DUKE,1145,3,315,377,made
SYR,DUKE,1312,1,807,187,miss
SYR,DUKE,2058,1,1068,32,miss
SYR,DUKE,1445,1,880,88,miss
SYR,DUKE,2062,3,792,241,miss
SYR,DUKE,402,3,281,510,miss
SYR,DUKE,1752,3,803,48,miss
SYR,DUKE,1679,3,766,273,miss
SYR,DUKE,1796,3,742,197,miss
SYR,DUKE,1599,3,1044,32,miss
SYR,DUKE,1458,3,800,444,miss
SYR,DUKE,760,3,380,301,miss
SYR,DUKE,1903,3,893,78,miss
SYR,DUKE,1342,3,800,123,miss
SYR,DUKE,1955,3,756,253,miss
SYR,DUKE,1020,2,318,152,miss
SYR,DUKE,1237,2,869,516,miss
SYR,DUKE,2282,2,1031,565,miss
SYR,DUKE,1840,2,792,212,miss
SYR,DUKE,1696,2,824,481,miss
SYR,DUKE,875,2,301,168,miss
SYR,DUKE,579,12,173,53,miss
SYR,DUKE,1645,3,787,397,made
SYR,DUKE,260,2,209,541,made
SYR,DUKE,1623,2,1051,29,made
SYR,DUKE,481,3,306,434,made
IONA,DUKE,220,3,948,41,made
IONA,DUKE,514,3,892,507,miss
IONA,DUKE,2233,14,342,332,miss
IONA,DUKE,426,1,931,536,made
IONA,DUKE,2376,15,312,140,miss
IONA,DUKE,956,34,776,293,miss
IONA,DUKE,800,2,933,58,made
IONA,DUKE,2161,0,1038,561,made
IONA,DUKE,67,4,85,558,made
IONA,DUKE,2264,20,1030,562,miss
IONA,DUKE,891,0,322,403,miss
IONA,DUKE,2098,2,815,428,miss
IONA,DUKE,116,4,290,466,miss
IONA,DUKE,1236,2,878,495,miss
IONA,DUKE,1170,1,102,40,made
IONA,DUKE,667,1,337,349,miss
IONA,DUKE,1889,20,894,503,miss
IONA,DUKE,280,4,82,555,made
UMBC,UVA,1385,10,900,58,made
UMBC,UVA,1505,10,815,462,made
UMBC,UVA,312,5,61,571,miss
TEX,NEV,1251,12,230,46,made
TEX,NEV,739,3,976,44,miss
TEX,NEV,56,12,814,462,miss
TEX,NEV,2684,12,387,322,made
CLEM,AUB,194,1,856,488,miss
CLEM,AUB,1194,13,832,444,miss
CLEM,AUB,1810,14,218,545,miss
CLEM,AUB,1881,14,274,116,made
CLEM,AUB,480,2,800,294,miss
CLEM,AUB,292,5,1026,564,miss
CLEM,AUB,522,4,997,558,miss
COFC,AUB,1514,13,322,221,made
BUT,PUR,1853,3,845,469,miss
BUT,PUR,503,30,346,236,miss
BUT,PUR,698,5,306,427,made
BUT,ARK,1865,30,171,550,made
BUT,ARK,1613,5,196,536,miss
BUT,ARK,1762,20,103,564,miss
BUT,ARK,378,30,834,428,made
HALL,KU,1818,14,291,122,made
HALL,KU,499,4,1068,26,miss
HALL,KU,2320,10,354,192,made
HALL,KU,42,2,777,174,made
PENN,KU,184,14,985,34,miss
HALL,KU,2183,14,318,228,made
HALL,KU,2266,4,353,305,miss
TEX,NEV,1576,21,846,68,miss
NEV,CIN,806,21,793,192,made
TEX,NEV,970,10,352,424,miss
TEX,NEV,1592,21,745,233,made
TEX,NEV,905,21,342,454,miss
TEX,NEV,622,21,146,32,miss
TEX,NEV,1471,21,883,56,made
BUT,PUR,353,3,848,50,made
CSF,PUR,519,14,1013,562,miss
BUT,PUR,395,11,917,50,miss
CSF,PUR,170,12,797,420,miss
BUT,PUR,1827,3,314,137,miss
BUT,PUR,1242,3,270,497,miss
BUT,PUR,185,11,824,119,made
CSF,PUR,115,31,777,308,miss
TXSO,XAV,443,1,1059,23,miss
TXSO,XAV,224,5,1078,557,made
TXSO,XAV,1320,5,254,492,miss
TXSO,XAV,983,3,1045,29,made
TXSO,XAV,1460,5,222,60,miss
TXSO,XAV,776,55,869,113,made
ALA,VILL,1923,3,948,40,miss
ALA,VT,2274,23,402,311,made
ALA,VT,1387,12,357,257,miss
ALA,VT,409,23,1090,564,made
BUFF,ARIZ,917,13,811,159,miss
BUFF,ARIZ,1753,24,321,408,miss
BUFF,ARIZ,1670,0,230,500,made
BUFF,UK,2260,10,318,425,miss
BUFF,UK,1107,33,839,77,miss
BUFF,UK,946,10,842,140,miss
BUFF,UK,464,10,797,336,miss
BUFF,UK,518,2,810,423,miss
BUFF,UK,1960,4,298,458,miss
BUFF,UK,560,10,784,218,made
BUFF,UK,710,33,965,34,miss
BUFF,ARIZ,794,33,213,63,miss
BUFF,ARIZ,1477,2,799,359,miss
BUFF,ARIZ,1244,2,815,154,miss
BUFF,ARIZ,1442,5,830,113,made
BUFF,ARIZ,97,2,377,308,miss
BUFF,ARIZ,1709,2,1092,32,made
CLEM,AUB,1357,10,968,537,made
CLEM,AUB,759,4,316,128,miss
CLEM,AUB,280,4,316,407,made
CLEM,AUB,125,2,92,34,miss
NMSU,CLEM,1744,10,804,479,miss
NMSU,CLEM,2073,4,786,383,made
SBON,FLA,1120,4,340,437,made
SBON,FLA,1337,4,930,48,miss
SBON,FLA,1979,3,942,50,made
SBON,FLA,255,4,78,557,made
SBON,FLA,226,5,309,135,miss
SBON,FLA,807,11,345,301,miss
UNCG,GONZ,1862,13,333,356,made
UNCG,GONZ,2029,13,305,48,miss
UNCG,GONZ,843,0,800,369,miss
SDSU,HOU,1404,5,1050,586,miss
SDSU,HOU,349,25,329,211,made
SDSU,HOU,746,5,256,502,miss
MONT,MICH,2287,14,832,113,miss
MONT,MICH,2399,14,868,56,miss
MONT,MICH,1171,14,337,382,made
RAD,VILL,2019,11,773,133,miss
RAD,VILL,2275,10,799,421,made
RAD,VILL,2150,24,792,404,miss
RAD,VILL,27,3,211,36,made
RAD,VILL,480,11,290,466,miss
BUT,ARK,113,0,330,287,miss
BUT,ARK,1739,0,883,77,made
BUCK,MSU,2320,4,796,135,made
BUCK,MSU,2394,2,797,122,made
BUCK,MSU,2059,2,783,366,miss
BUCK,MSU,365,23,188,44,made
DAV,UK,638,31,861,475,miss
DAV,UK,1856,3,335,260,made
DAV,UK,76,23,810,403,miss
DAV,UK,1265,3,220,50,made
DAV,UK,501,23,828,475,made
DAV,UK,420,23,1061,33,miss
DAV,UK,284,31,956,56,miss
DAV,UK,1639,3,332,420,made
BUFF,UK,691,0,225,71,made
BUFF,UK,2157,32,1079,32,miss
BUFF,UK,1129,32,343,318,miss
BUFF,UK,791,22,302,448,made
LIP,UNC,2370,15,849,123,made
LIP,UNC,624,22,259,495,miss
LIP,UNC,2262,3,958,528,miss
LIP,UNC,580,21,132,34,miss
LIP,UNC,322,24,337,307,miss
LIP,UNC,1983,24,1064,24,miss
LIP,UNC,250,22,187,540,made
LIP,UNC,34,21,243,84,made
MRSH,WICH,180,3,53,569,miss
MRSH,WICH,1964,33,851,67,made
MONT,MICH,291,2,1034,557,made
MONT,MICH,189,1,777,157,miss
MONT,MICH,1354,3,316,427,made
MONT,MICH,1146,12,1086,567,miss
OKLA,URI,142,20,1057,569,miss
OKLA,URI,2039,0,264,88,miss
UMBC,UVA,1877,21,367,269,miss
UMBC,UVA,1953,23,74,36,made
UMBC,UVA,909,23,811,451,miss
KSU,CREI,840,2,328,410,miss
KSU,CREI,719,24,366,294,miss
KSU,CREI,2373,24,893,70,miss
KSU,CREI,2329,0,845,485,miss
KSU,CREI,1000,0,173,545,miss
KSU,CREI,683,5,122,34,miss
KSU,CREI,2310,0,784,272,miss
KSU,CREI,2378,24,1082,32,miss
L-IL,TENN,1788,23,256,495,miss
WRST,TENN,879,3,972,554,miss
L-IL,TENN,1827,3,240,507,made
L-IL,TENN,1592,5,318,112,miss
L-IL,TENN,435,5,861,101,miss
L-IL,TENN,532,23,763,360,miss
L-IL,TENN,2399,0,308,188,miss
L-IL,TENN,2168,5,270,108,made
TXAM,UNC,1603,3,352,325,made
PROV,TXAM,1889,2,796,293,miss
PROV,TXAM,437,10,291,437,made
PROV,TXAM,1732,10,783,121,miss
TXAM,UNC,482,10,828,424,miss
TXAM,UNC,404,10,940,554,miss
TXAM,UNC,851,2,999,22,miss
TXAM,UNC,1240,3,50,567,made
TXAM,UNC,1768,5,178,548,miss
TXAM,UNC,1046,1,823,119,made
RAD,VILL,556,5,780,369,made
RAD,VILL,119,5,906,519,made
ALA,VILL,297,4,863,492,miss
ALA,VILL,392,1,980,33,made
RAD,VILL,1735,10,266,71,miss
ALA,VILL,738,10,820,442,made
ALA,VILL,1467,25,329,170,made
RAD,VILL,754,14,1042,567,miss
ALA,VILL,1560,1,202,534,made
RAD,VILL,519,1,777,211,made
ALA,VILL,2265,2,291,133,miss
RAD,VILL,702,14,876,70,made
ALA,VILL,1766,1,79,555,made
RAD,VILL,87,4,875,61,miss
ALA,VILL,1874,4,88,560,miss
ALA,VILL,1531,25,260,492,made
COFC,AUB,2116,21,865,91,miss
COFC,AUB,159,1,314,394,miss
COFC,AUB,75,13,235,88,miss
COFC,AUB,2038,5,989,554,made
COFC,AUB,2394,1,751,377,miss
GAST,CIN,16,34,872,94,miss
GAST,CIN,854,34,806,348,made
GAST,CIN,981,34,830,435,miss
NEV,CIN,302,34,387,270,miss
NEV,CIN,68,34,291,116,made
NEV,CIN,1329,34,793,181,miss
GAST,CIN,223,24,893,516,miss
NEV,CIN,1249,34,820,174,miss
GAST,CIN,563,5,808,423,miss
GAST,CIN,1737,34,282,448,miss
NEV,CIN,1059,1,259,112,miss
NEV,CIN,1493,34,838,468,miss
L-IL,MIA,1410,2,818,139,made
SDST,OSU,959,15,273,459,miss
SDST,OSU,275,33,374,205,made
SDST,OSU,1356,33,903,519,miss
SDST,OSU,605,15,356,178,made
SDST,OSU,314,13,171,547,miss
PROV,TXAM,2356,5,366,205,miss
PROV,TXAM,258,11,980,41,miss
HALL,KU,1765,0,993,554,made
NCST,HALL,766,20,290,461,made
NCST,HALL,988,22,268,63,miss
HALL,KU,2399,13,868,534,made
HALL,KU,288,0,336,281,miss
NCST,HALL,2327,20,934,50,miss
SFA,TTU,2031,25,74,571,miss
SFA,TTU,1761,23,319,418,miss
SFA,TTU,529,2,882,492,made
L-IL,TENN,835,13,240,71,made
L-IL,TENN,184,1,281,122,made
L-IL,MIA,1031,0,844,92,miss
L-IL,TENN,1294,5,940,533,miss
L-IL,TENN,1384,0,792,298,made
L-IL,TENN,177,5,58,32,miss
L-IL,MIA,1929,13,226,521,made
L-IL,MIA,2206,5,339,310,miss
L-IL,MIA,466,0,784,332,miss
KSU,CREI,1401,20,346,383,miss
KSU,CREI,26,20,1058,26,miss
MURR,WVU,1870,2,288,111,miss
MURR,WVU,860,2,1048,29,miss
MURR,WVU,2353,0,333,358,made
MURR,WVU,1445,0,132,554,made
MURR,WVU,2194,0,347,383,miss
MURR,WVU,574,2,792,325,miss
PENN,KU,1968,10,777,338,miss
PENN,KU,1717,10,814,160,made
PENN,KU,1614,10,783,298,made
PENN,KU,2090,10,925,60,miss
PENN,KU,634,4,61,29,miss
PENN,KU,1117,25,342,246,miss
PENN,KU,2228,10,834,130,miss
PENN,KU,279,21,150,543,made
PENN,KU,1539,4,842,116,miss
OKLA,URI,761,32,50,36,miss
WRST,TENN,1360,3,789,353,miss
GAST,CIN,1961,11,828,130,miss
GAST,CIN,202,15,353,296,made
GAST,CIN,830,24,243,96,made
GAST,CIN,252,24,357,229,miss
GAST,CIN,2354,15,803,352,miss
GAST,CIN,1497,15,789,324,miss
GAST,CIN,2000,2,849,479,miss
ALA,VT,1715,3,769,157,made
ALA,VT,1552,5,765,243,miss
ALA,VT,2351,4,808,135,miss
MURR,WVU,532,21,209,510,made
MURR,WVU,2394,4,878,505,made
MRSH,WICH,1829,12,284,102,miss
MRSH,WICH,2382,11,290,99,miss
MRSH,WICH,1627,11,184,543,miss
MRSH,WICH,2376,33,345,274,miss
MRSH,WICH,2355,33,299,418,made
MRSH,WICH,1902,33,329,106,made
MRSH,WICH,632,12,910,44,miss
BUCK,MSU,449,20,873,77,miss
BUCK,MSU,1882,22,336,355,made
BUCK,MSU,2089,1,92,554,miss
BUCK,MSU,863,5,818,435,miss
BUCK,MSU,2182,22,263,99,miss
BUCK,MSU,1692,20,326,396,miss
BUCK,MSU,1673,22,364,287,miss
LIP,UNC,334,4,1042,94,miss
TXAM,UNC,259,1,316,394,miss
LIP,UNC,1414,2,342,277,made
TXAM,UNC,331,24,284,489,made
LIP,UNC,1815,2,309,156,miss
LIP,UNC,1837,1,332,253,miss
TXAM,UNC,1689,0,848,482,miss
TXSO,XAV,2387,33,815,173,miss
TXSO,XAV,347,33,302,421,made
TXSO,XAV,1578,3,901,506,miss
TXSO,XAV,1824,3,897,85,made
TXSO,XAV,460,33,290,447,made
TXSO,XAV,1994,2,1041,27,miss
TXSO,XAV,1345,2,801,366,made
TXSO,XAV,2341,2,870,505,miss
TXSO,XAV,1452,33,1068,561,miss
UNCG,GONZ,1444,10,832,438,made
UNCG,GONZ,493,10,282,455,miss
UNCG,GONZ,1018,32,299,136,miss
UNCG,GONZ,1151,11,352,239,miss
SDSU,HOU,934,3,820,427,miss
SBON,FLA,197,2,801,430,miss
SBON,FLA,2102,2,282,481,miss
SBON,FLA,2288,15,311,177,made
SBON,FLA,658,2,803,413,miss
NMSU,CLEM,66,23,793,129,miss
NMSU,CLEM,1161,23,783,454,miss
NMSU,CLEM,2012,23,321,152,made
NMSU,CLEM,926,23,959,23,miss
SDST,OSU,2369,24,278,482,miss
SDST,OSU,1685,5,346,438,made
SDST,OSU,1799,2,171,545,miss
SDST,OSU,2163,0,335,387,made
CSF,PUR,1119,0,332,369,miss
CSF,PUR,1047,34,350,317,miss
CSF,PUR,2019,34,1013,37,made
CSF,PUR,1297,0,773,288,miss
CSF,PUR,2393,2,820,123,miss
NCST,HALL,1670,12,75,557,made
NCST,HALL,1368,12,295,458,made
NCST,HALL,1260,12,291,461,made
HALL,KU,1782,10,340,346,made
HALL,KU,143,4,780,386,miss
PENN,KU,1048,4,765,284,made
PENN,KU,2034,4,343,294,made
PENN,KU,308,2,1074,562,miss
HALL,KU,1576,2,328,355,made
BUFF,UK,1526,32,1062,557,made
BUFF,UK,857,0,240,67,miss
BUFF,UK,729,0,305,135,miss
BUFF,UK,1746,0,865,488,miss
BUFF,UK,1579,3,1058,24,made
DAV,UK,119,5,290,105,miss
DAV,UK,1521,5,1071,40,miss
ALA,VT,1605,10,817,109,miss
ALA,VT,2136,5,858,488,miss
ALA,VT,994,4,202,37,miss
ALA,VT,1515,4,772,370,miss
ALA,VT,2330,10,1024,26,miss
ALA,VT,198,2,855,495,miss
ALA,VILL,995,3,164,50,made
ALA,VT,1535,23,376,252,made
ALA,VILL,338,25,284,485,made
ALA,VT,2053,23,405,290,miss
ALA,VT,782,25,873,490,miss
ALA,VT,1241,2,380,283,miss
ALA,VILL,1544,3,824,125,miss
BUT,ARK,648,20,220,64,miss
BUT,ARK,1960,23,989,552,miss
BUT,ARK,2314,4,794,291,miss
CLEM,AUB,1593,2,343,300,made
CLEM,AUB,1003,4,868,64,miss
CLEM,AUB,853,13,841,113,miss
CLEM,AUB,266,5,859,471,made
CLEM,AUB,2073,4,55,568,miss
CLEM,AUB,1825,10,55,568,miss
COFC,AUB,2069,5,329,358,miss
COFC,AUB,374,2,792,241,miss
COFC,AUB,511,2,820,448,miss
COFC,AUB,2275,2,339,242,made
BUT,PUR,2393,30,899,63,miss
BUT,PUR,132,30,345,383,made
BUT,PUR,547,5,260,80,miss
BUT,PUR,1305,30,789,359,miss
BUT,PUR,1999,5,844,490,miss
BUT,ARK,37,3,931,548,made
BUT,ARK,467,5,1020,33,miss
BUT,ARK,324,5,863,497,made
NEV,CIN,725,3,95,558,miss
GAST,CIN,306,34,783,290,miss
NEV,CIN,923,1,314,407,miss
GAST,CIN,1797,3,53,558,miss
GAST,CIN,758,34,927,65,made
NEV,CIN,1435,34,1041,29,miss
NEV,CIN,1809,15,1041,564,miss
GAST,CIN,90,11,1086,32,miss
GAST,CIN,695,5,824,448,miss
CSF,PUR,250,10,95,34,miss
CSF,PUR,1084,5,353,300,miss
DAV,UK,608,3,807,168,miss
DAV,UK,1091,31,1033,33,miss
DAV,UK,2393,3,291,147,miss
DAV,UK,2360,3,337,224,made
DAV,UK,1996,15,130,548,miss
DAV,UK,2182,23,354,279,miss
DAV,UK,699,3,796,424,miss
SBON,FLA,1911,11,799,349,miss
SBON,FLA,2201,4,906,60,made
SBON,FLA,1478,4,861,479,made
SBON,FLA,1520,4,1055,39,miss
SBON,FLA,401,25,330,351,made
SBON,FLA,1464,3,1064,33,miss
SBON,FLA,286,4,291,445,miss
SDSU,HOU,61,32,329,339,miss
SDSU,HOU,2094,32,999,544,made
KSU,CREI,1785,20,364,368,made
KSU,CREI,205,3,803,423,miss
KSU,CREI,1026,0,793,389,miss
KSU,CREI,49,5,807,133,miss
KSU,CREI,1501,0,41,571,miss
LIP,UNC,217,3,298,440,made
LIP,UNC,193,24,266,496,miss
LIP,UNC,861,12,48,568,miss
L-IL,MIA,904,2,316,211,miss
L-IL,MIA,579,4,323,157,made
BUCK,MSU,1043,22,793,211,made
BUCK,MSU,987,5,810,105,made
BUCK,MSU,1779,5,301,135,miss
NEV,CIN,218,10,899,505,miss
NEV,CIN,1223,21,195,543,miss
NEV,CIN,1927,11,337,332,made
NEV,CIN,239,24,887,493,miss
TEX,NEV,440,21,342,150,miss
NEV,CIN,1265,10,378,236,made
NEV,CIN,2346,10,129,37,made
TEX,NEV,747,13,352,392,miss
TEX,NEV,941,24,270,53,miss
TEX,NEV,2398,10,810,109,miss
TEX,NEV,1014,13,380,184,made
TEX,NEV,2327,21,741,297,miss
TEX,NEV,68,21,295,475,made
TEX,NEV,1432,10,755,170,miss
TEX,NEV,2484,10,856,61,made
TEX,NEV,2550,10,756,305,made
TEX,NEV,2601,10,856,537,made
SDST,OSU,1325,3,945,48,miss
SDST,OSU,726,3,373,224,made
SDST,OSU,1112,33,345,205,miss
SDST,OSU,1812,24,842,475,miss
SDST,OSU,1420,33,845,476,made
SDST,OSU,1041,13,294,479,made
SDST,OSU,1187,33,322,441,miss
SDST,OSU,376,13,64,569,miss
CSF,PUR,267,3,783,307,miss
BUT,PUR,1090,3,763,352,miss
CSF,PUR,2083,11,294,457,made
BUT,PUR,756,31,904,37,made
BUT,PUR,1880,12,316,404,made
BUT,PUR,1611,11,302,89,miss
CSF,PUR,192,31,810,143,miss
CSF,PUR,2219,14,254,533,miss
CSF,PUR,1177,3,804,413,made
BUT,PUR,2385,31,330,188,made
BUT,PUR,2157,14,312,430,made
RAD,VILL,827,11,335,342,miss
RAD,VILL,2041,5,749,329,miss
RAD,VILL,1374,1,870,482,miss
RAD,VILL,651,3,244,58,miss
RAD,VILL,1338,3,971,564,made
RAD,VILL,1668,5,882,82,made
SFA,TTU,2308,11,797,362,miss
TEX,NEV,1495,3,165,562,miss
TEX,NEV,2420,2,367,322,made
TEX,NEV,1919,3,284,67,miss
TEX,NEV,2691,12,361,438,miss
TEX,NEV,120,12,817,82,made
SFA,TTU,221,25,749,266,made
SFA,TTU,440,1,1040,33,miss
LIP,UNC,1222,13,233,85,made
LIP,UNC,120,24,763,311,made
LIP,UNC,279,2,872,106,miss
LIP,UNC,896,32,763,229,miss
TXAM,UNC,1539,2,751,239,miss
TXAM,UNC,1197,1,353,366,miss
TXAM,UNC,201,24,175,39,miss
OKLA,URI,1698,13,804,140,miss
OKLA,URI,1855,0,807,384,made
OKLA,URI,1872,2,790,358,made
OKLA,URI,2560,2,799,435,miss
OKLA,URI,1442,32,674,418,made
OKLA,URI,995,11,352,359,miss
OKLA,URI,2381,2,832,67,miss
OKLA,URI,2671,0,769,235,made
OKLA,URI,1198,2,337,423,miss
OKLA,URI,129,32,312,472,made
UMBC,UVA,2259,0,96,39,miss
UMBC,UVA,1800,0,58,29,miss
UMBC,UVA,949,5,1074,576,miss
UMBC,UVA,2364,23,370,96,miss
UMBC,UVA,2201,0,402,267,miss
TXSO,XAV,951,1,995,41,made
TXSO,XAV,1718,3,297,154,miss
TXSO,XAV,1164,55,779,448,miss
TXSO,XAV,40,5,870,479,made
BUFF,ARIZ,1175,0,1030,33,miss
BUCK,MSU,695,23,364,375,made
BUCK,MSU,2235,4,758,274,miss
BUCK,MSU,551,11,75,22,miss
BUCK,MSU,2385,2,803,434,made
BUCK,MSU,2248,2,782,218,miss
BUFF,UK,1246,2,244,503,miss
BUFF,UK,775,5,806,411,made
BUFF,UK,333,5,878,92,miss
BUFF,UK,1328,10,322,166,made
BUFF,UK,432,2,999,565,miss
BUFF,ARIZ,2285,33,1011,33,made
BUFF,ARIZ,1050,5,82,558,miss
BUFF,ARIZ,135,10,337,369,miss
BUFF,ARIZ,1215,5,842,63,made
BUFF,ARIZ,982,2,222,72,made
BUFF,ARIZ,1081,1,319,152,made
BUFF,ARIZ,2366,20,855,65,miss
BUFF,ARIZ,1903,5,1045,27,miss
BUFF,ARIZ,1182,10,328,229,made
BUFF,ARIZ,1022,2,336,327,miss
CLEM,AUB,2244,4,821,431,miss
CLEM,AUB,1676,10,714,307,made
CLEM,AUB,1302,10,763,293,made
NMSU,CLEM,339,2,336,372,miss
NMSU,CLEM,1142,10,322,57,made
NMSU,CLEM,985,21,185,571,miss
COFC,AUB,503,1,337,387,miss
COFC,AUB,2260,24,817,139,miss
COFC,AUB,1270,5,876,109,miss
COFC,AUB,958,1,84,36,made
COFC,AUB,364,24,342,375,miss
COFC,AUB,184,5,274,92,miss
KSU,CREI,2355,24,818,109,miss
KSU,CREI,2382,24,1076,32,made
KSU,CREI,2365,11,758,279,miss
KSU,CREI,367,1,336,416,made
KSU,CREI,523,32,359,342,made
KSU,CREI,577,2,361,187,miss
KSU,CREI,2270,0,1062,567,made
IONA,DUKE,2288,50,192,521,miss
IONA,DUKE,2118,3,285,113,miss
IONA,DUKE,1774,2,240,94,made
IONA,DUKE,93,1,951,54,made
IONA,DUKE,1274,2,321,159,made
IONA,DUKE,934,2,997,44,miss
GAST,CIN,629,15,318,410,miss
GAST,CIN,414,15,304,438,made
GAST,CIN,1078,2,259,112,made
GAST,CIN,941,24,243,85,miss
GAST,CIN,109,15,336,231,made
UNCG,GONZ,1498,23,306,408,miss
UNCG,GONZ,237,23,942,528,made
UNCG,GONZ,534,23,845,123,miss
UNCG,GONZ,1893,23,277,469,miss
UNCG,GONZ,1512,33,345,311,miss
UNCG,GONZ,2378,23,250,63,made
NCST,HALL,331,13,233,67,miss
HALL,KU,671,13,195,50,made
HALL,KU,1553,0,878,56,made
HALL,KU,1633,13,1024,33,miss
HALL,KU,229,20,149,551,miss
NCST,HALL,864,20,340,128,miss
IONA,DUKE,1308,4,869,471,miss
IONA,DUKE,1898,2,1044,40,miss
IONA,DUKE,2331,3,796,366,miss
IONA,DUKE,2128,2,808,139,miss
IONA,DUKE,1334,15,841,486,miss
L-IL,MIA,1283,13,202,526,miss
L-IL,MIA,1826,1,68,557,miss
L-IL,TENN,1949,0,865,64,made
L-IL,MIA,46,5,765,314,miss
L-IL,MIA,1340,13,280,112,made
L-IL,TENN,1079,24,329,245,miss
L-IL,TENN,402,14,302,458,miss
L-IL,MIA,2091,0,354,294,miss
L-IL,TENN,444,14,263,514,miss
L-IL,TENN,127,14,37,551,made
MONT,MICH,2391,1,294,447,miss
MONT,MICH,584,12,882,506,miss
MONT,MICH,1308,12,82,561,miss
MONT,MICH,733,12,731,348,miss
MONT,MICH,214,4,1078,16,miss
MONT,MICH,1852,13,381,274,made
MONT,MICH,391,22,801,149,miss
MRSH,WICH,203,33,282,72,made
MRSH,WICH,2090,3,1071,564,made
MRSH,WICH,1812,33,776,180,miss
MRSH,WICH,68,13,371,301,made
MURR,WVU,105,12,807,380,miss
MURR,WVU,2233,25,185,538,miss
NCST,HALL,1909,2,287,106,made
NCST,HALL,621,2,1054,558,miss
NCST,HALL,2026,2,347,198,miss
NCST,HALL,1292,10,81,27,miss
NCST,HALL,1828,10,84,26,miss
NCST,HALL,1558,2,333,153,made
NCST,HALL,2384,3,376,135,miss
NCST,HALL,282,11,787,366,miss
NCST,HALL,563,2,1058,562,made
NCST,HALL,98,12,796,291,miss
NMSU,CLEM,457,0,1065,24,miss
NMSU,CLEM,2126,23,333,130,miss
NMSU,CLEM,1886,0,125,554,made
NMSU,CLEM,1121,23,758,84,made
NMSU,CLEM,1852,23,216,60,miss
NMSU,CLEM,1764,0,70,24,made
OKLA,URI,65,11,794,345,made
OKLA,URI,755,35,1038,32,miss
OKLA,URI,459,20,782,375,miss
PENN,KU,2266,10,800,176,miss
PENN,KU,2343,10,811,392,miss
PENN,KU,1480,21,814,102,miss
PENN,KU,1923,4,1050,569,made
PROV,TXAM,718,11,793,216,miss
PROV,TXAM,367,5,830,424,miss
PROV,TXAM,1714,5,253,85,made
PROV,TXAM,2367,11,216,512,miss
PROV,TXAM,2317,5,312,106,made
SBON,FLA,2390,4,349,358,made
SBON,FLA,1065,4,796,160,miss
SDST,OSU,2388,5,325,468,miss
SDST,OSU,233,5,796,96,miss
SDST,OSU,1027,5,834,99,miss
SDST,OSU,707,1,765,250,miss
SDST,OSU,2033,24,323,444,miss
SDST,OSU,1736,24,270,509,made
SDST,OSU,742,0,813,104,made
SDST,OSU,1300,1,318,130,miss
SDSU,HOU,552,10,787,341,miss
SDSU,HOU,262,11,1045,40,miss
SDSU,HOU,2399,3,364,315,miss
WRST,TENN,1984,23,339,383,made
WRST,TENN,1468,1,369,325,miss
WRST,TENN,1827,3,353,194,miss
L-IL,TENN,866,1,858,78,miss
L-IL,TENN,1107,1,1014,574,miss
L-IL,TENN,2293,1,63,32,made
L-IL,TENN,213,5,1009,564,made
L-IL,TENN,1927,3,354,201,miss
WRST,TENN,630,5,806,168,miss
WRST,TENN,1115,1,808,387,made
TXAM,UNC,1263,2,230,57,miss
PROV,TXAM,1546,1,807,89,made
TXAM,UNC,1409,10,357,336,miss
TXAM,UNC,164,2,818,116,miss
PROV,TXAM,1350,1,768,95,miss
TXSO,XAV,1920,1,842,459,miss
TXSO,XAV,2140,33,810,444,miss
UMBC,UVA,268,13,371,255,miss
UMBC,UVA,828,13,50,27,made
UMBC,UVA,1666,13,759,353,miss
UMBC,UVA,642,33,239,32,miss
UMBC,UVA,2049,5,917,33,miss
UNCG,GONZ,632,1,319,176,miss
UNCG,GONZ,2000,10,793,248,miss
UNCG,GONZ,322,32,342,307,miss
UNCG,GONZ,1565,14,944,53,miss
UNCG,GONZ,1145,10,325,135,miss
RAD,VILL,867,25,945,40,miss
ALA,VILL,1196,10,765,184,made
ALA,VILL,359,10,872,89,miss
ALA,VILL,507,1,878,111,miss
ALA,VILL,2257,10,378,293,miss
RAD,VILL,1180,25,918,60,made
RAD,VILL,1647,10,371,342,made
ALA,VILL,707,10,952,50,made
RAD,VILL,457,14,777,276,miss
RAD,VILL,1778,4,246,57,made
ALA,VILL,1692,4,280,118,miss
RAD,VILL,1066,23,865,481,miss
RAD,VILL,191,1,1003,27,made
ALA,VILL,1908,25,95,560,made
RAD,VILL,1492,14,367,298,miss
ALA,VILL,321,10,820,417,made
ALA,VILL,2376,2,285,81,miss
ALA,VILL,2318,34,204,530,made
RAD,VILL,1261,25,288,87,made
MRSH,WICH,842,12,796,390,miss
MRSH,WICH,1803,32,39,567,miss
MRSH,WICH,1067,21,777,360,made
MRSH,WICH,2036,1,326,366,miss
MRSH,WICH,854,11,811,407,miss
WRST,TENN,1801,31,1076,27,made
WRST,TENN,425,0,81,32,miss
WRST,TENN,884,13,299,112,made
IONA,DUKE,133,1,945,58,made
IONA,DUKE,2147,3,330,346,miss
IONA,DUKE,568,1,894,85,miss
IONA,DUKE,1634,2,180,58,miss
IONA,DUKE,1672,4,948,51,miss
UMBC,UVA,2185,33,1081,579,made
UMBC,UVA,1252,13,741,248,made
TEX,NEV,2507,12,101,26,made
TEX,NEV,1537,21,243,70,miss
TEX,NEV,361,3,964,562,miss
TEX,NEV,33,13,844,500,miss
CLEM,AUB,2319,10,314,185,miss
CLEM,AUB,1690,1,244,492,miss
CLEM,AUB,1519,2,294,466,miss
CLEM,AUB,2195,2,287,455,miss
CLEM,AUB,1428,4,268,468,miss
CLEM,AUB,172,2,789,359,miss
COFC,AUB,1329,2,347,209,miss
COFC,AUB,1213,2,77,565,made
COFC,AUB,634,5,901,70,miss
BUT,PUR,1653,30,751,301,miss
BUT,PUR,79,3,350,226,made
BUT,PUR,164,3,322,414,miss
BUT,ARK,1506,30,363,164,made
BUT,PUR,2085,30,870,483,miss
BUT,PUR,1685,5,824,451,miss
BUT,PUR,919,30,312,149,miss
BUT,PUR,2361,30,821,424,miss
BUT,ARK,957,30,790,288,miss
BUT,ARK,1381,22,339,301,made
BUT,ARK,1143,4,794,322,miss
BUT,ARK,1174,30,775,358,miss
BUT,ARK,1550,22,367,335,miss
BUT,ARK,566,22,801,416,made
BUT,ARK,2063,22,94,30,miss
HALL,KU,891,10,790,166,miss
HALL,KU,486,14,866,94,miss
HALL,KU,660,4,769,269,miss
HALL,KU,1959,2,335,140,miss
HALL,KU,1194,14,851,495,made
PENN,KU,2199,4,329,341,miss
PENN,KU,616,10,794,363,miss
HALL,KU,817,10,756,267,miss
PENN,KU,1372,10,242,85,made
NEV,CIN,29,21,1085,560,miss
NEV,CIN,1723,10,314,400,miss
NEV,CIN,1713,21,191,46,miss
TEX,NEV,821,10,356,417,miss
TEX,NEV,2192,24,776,377,made
TEX,NEV,1329,10,940,23,miss
CSF,PUR,2001,12,292,471,miss
CSF,PUR,2057,31,350,328,made
CSF,PUR,2185,11,342,136,miss
BUT,PUR,1637,12,250,56,made
CSF,PUR,1534,11,254,514,made
BUT,PUR,310,31,818,437,miss
BUT,PUR,1385,11,257,84,made
BUT,PUR,49,3,810,128,miss
BUT,PUR,1170,3,796,150,made
CSF,PUR,1031,14,776,301,miss
CSF,PUR,1795,3,259,493,miss
CSF,PUR,1385,11,339,379,miss
BUT,PUR,1441,31,278,78,made
BUT,PUR,149,3,780,328,made
CSF,PUR,1097,12,831,478,made
BUT,PUR,2078,11,232,500,miss
TXSO,XAV,1382,55,150,30,made
TXSO,XAV,686,55,1062,567,made
ALA,VILL,1587,23,956,543,miss
ALA,VT,1003,23,841,464,made
ALA,VT,1044,5,1051,562,miss
ALA,VILL,2328,24,786,462,miss
ALA,VILL,2354,3,801,390,made
ALA,VILL,1882,3,769,296,miss
ALA,VILL,107,2,160,50,miss
ALA,VILL,1656,23,1061,558,miss
ALA,VILL,1124,23,267,116,miss
ALA,VT,113,2,855,88,made
BUFF,ARIZ,877,35,803,396,miss
BUFF,ARIZ,76,0,865,523,miss
BUFF,ARIZ,1395,35,342,274,miss
BUFF,ARIZ,2187,14,329,305,miss
BUFF,ARIZ,1617,35,211,60,miss
BUFF,ARIZ,566,5,796,368,made
BUFF,ARIZ,2329,10,792,229,made
BUFF,UK,2397,3,314,133,miss
BUFF,UK,667,10,841,140,made
BUFF,ARIZ,2033,33,861,104,made
BUFF,UK,1280,33,339,328,miss
BUFF,UK,283,10,831,147,miss
BUFF,UK,347,33,882,78,miss
BUFF,UK,818,10,815,400,made
BUFF,UK,590,5,807,403,miss
BUFF,UK,1032,3,1047,27,miss
BUFF,ARIZ,1852,33,775,305,miss
BUFF,ARIZ,682,5,204,54,miss
BUFF,ARIZ,425,10,339,310,miss
BUFF,ARIZ,477,33,282,458,miss
BUFF,ARIZ,364,2,336,401,made
BUFF,ARIZ,653,2,328,133,miss
CLEM,AUB,1440,10,868,78,miss
CLEM,AUB,831,21,95,22,made
CLEM,AUB,982,2,309,104,miss
CLEM,AUB,691,10,202,516,made
CLEM,AUB,2250,0,801,190,miss
CLEM,AUB,1978,5,879,84,miss
CLEM,AUB,1800,10,872,517,miss
CLEM,AUB,423,5,335,192,miss
CLEM,AUB,543,10,312,167,made
CLEM,AUB,1784,2,834,471,miss
CLEM,AUB,1382,2,989,32,miss
NMSU,CLEM,2365,2,796,435,miss
SBON,FLA,606,5,137,40,miss
SBON,FLA,182,25,85,560,miss
SBON,FLA,795,3,273,118,miss
SBON,FLA,634,3,319,406,miss
SBON,FLA,2048,4,996,41,miss
SBON,FLA,1801,3,784,310,made
UNCG,GONZ,1349,13,219,524,miss
UNCG,GONZ,659,21,859,468,miss
UNCG,GONZ,773,0,762,283,miss
UNCG,GONZ,611,13,838,80,made
UNCG,GONZ,13,0,855,105,miss
SDSU,HOU,1826,3,831,465,miss
SDSU,HOU,1187,32,376,273,made
SDSU,HOU,2359,32,784,358,made
MONT,MICH,2360,4,766,283,miss
MONT,MICH,1378,0,899,140,miss
MONT,MICH,1728,1,987,41,miss
RAD,VILL,850,5,371,209,miss
RAD,VILL,581,24,260,89,miss
RAD,VILL,60,3,226,528,miss
RAD,VILL,208,5,113,555,miss
RAD,VILL,1715,5,1006,36,made
RAD,VILL,1865,14,909,540,miss
RAD,VILL,2344,3,787,447,made
BUT,ARK,902,4,295,466,made
BUCK,MSU,2362,1,882,74,made
BUCK,MSU,1127,1,261,524,made
BUCK,MSU,771,2,267,531,made
DAV,UK,1199,31,842,64,miss
DAV,UK,202,15,842,481,made
DAV,UK,258,15,866,497,miss
DAV,UK,150,20,1016,557,made
DAV,UK,2227,32,46,27,miss
DAV,UK,1583,22,297,149,miss
DAV,UK,1544,23,53,564,miss
DAV,UK,1046,32,806,187,miss
BUFF,UK,1399,5,760,218,miss
BUFF,UK,1494,5,940,43,miss
BUFF,UK,1835,22,835,455,made
LIP,UNC,1256,24,1079,22,made
LIP,UNC,1671,3,903,46,miss
LIP,UNC,692,12,271,99,miss
LIP,UNC,1009,23,251,84,miss
LIP,UNC,70,3,322,290,miss
LIP,UNC,444,23,71,571,miss
MRSH,WICH,1258,11,835,144,miss
MRSH,WICH,98,33,53,37,miss
MRSH,WICH,1756,23,896,63,miss
MRSH,WICH,1614,33,749,183,made
MRSH,WICH,1774,33,914,37,made
MONT,MICH,2128,12,274,77,miss
MONT,MICH,2089,22,329,427,made
MONT,MICH,1648,22,244,47,miss
OKLA,URI,944,35,899,71,miss
OKLA,URI,1335,20,63,568,miss
OKLA,URI,1372,11,305,128,miss
OKLA,URI,2680,20,343,336,miss
OKLA,URI,2510,11,425,392,miss
OKLA,URI,2315,1,81,571,miss
UMBC,UVA,497,0,852,87,miss
UMBC,UVA,1721,11,370,432,miss
UMBC,UVA,1916,11,44,571,made
UMBC,UVA,145,11,811,159,made
UMBC,UVA,1903,11,398,298,miss
KSU,CREI,482,5,373,269,miss
KSU,CREI,1101,1,306,105,made
KSU,CREI,103,0,326,135,miss
KSU,CREI,66,32,374,266,miss
KSU,CREI,1617,5,763,328,made
KSU,CREI,150,0,366,157,miss
KSU,CREI,1317,24,1045,22,miss
L-IL,TENN,148,5,870,87,made
L-IL,TENN,787,0,763,287,made
WRST,TENN,1429,5,194,533,made
WRST,TENN,1618,3,65,564,miss
WRST,TENN,406,5,983,569,miss
TXAM,UNC,1413,1,311,135,made
PROV,TXAM,288,2,236,77,miss
TXAM,UNC,288,10,769,226,made
TXAM,UNC,2371,12,315,132,miss
TXAM,UNC,350,0,1088,579,made
PROV,TXAM,807,3,308,444,miss
PROV,TXAM,2232,3,790,239,made
ALA,VILL,1414,25,51,560,made
ALA,VILL,1950,5,299,146,miss
ALA,VILL,590,5,832,452,miss
ALA,VILL,862,10,787,130,miss
ALA,VILL,2000,14,316,191,miss
RAD,VILL,238,10,1000,30,made
ALA,VILL,629,10,821,147,made
RAD,VILL,149,25,780,163,made
RAD,VILL,787,1,784,355,miss
ALA,VILL,1442,25,274,115,made
RAD,VILL,1388,14,301,116,made
COFC,AUB,1688,12,817,152,miss
COFC,AUB,996,5,384,252,miss
COFC,AUB,405,21,356,320,miss
GAST,CIN,123,34,978,40,miss
GAST,CIN,2086,1,326,178,made
NEV,CIN,402,5,154,555,made
NEV,CIN,1740,34,769,296,miss
GAST,CIN,752,5,944,551,miss
GAST,CIN,1290,24,340,310,miss
GAST,CIN,1142,3,910,514,made
NEV,CIN,863,5,232,521,miss
GAST,CIN,35,3,848,92,miss
NEV,CIN,1451,3,1041,565,miss
GAST,CIN,433,1,841,109,miss
L-IL,MIA,846,4,239,71,miss
SDST,OSU,1969,13,1019,33,miss
SDST,OSU,345,33,312,454,miss
SDST,OSU,2270,33,923,538,miss
SDST,OSU,714,13,312,373,miss
SDST,OSU,887,33,419,191,miss
SDST,OSU,54,3,343,190,miss
SDST,OSU,1489,3,863,475,made
SDST,OSU,105,1,285,96,made
SDST,OSU,2108,24,862,493,miss
PROV,TXAM,1163,21,973,552,miss
PROV,TXAM,1198,24,755,290,miss
PROV,TXAM,165,24,751,168,miss
PROV,TXAM,2098,5,359,269,miss
NCST,HALL,1283,13,1035,22,miss
NCST,HALL,1699,20,824,430,miss
HALL,KU,1103,4,170,41,miss
HALL,KU,2371,0,737,296,made
NCST,HALL,1533,0,1062,567,miss
SFA,TTU,59,12,832,455,miss
SFA,TTU,311,25,940,536,miss
SFA,TTU,2249,1,39,26,made
SFA,TTU,958,2,1055,16,miss
SFA,TTU,798,0,779,294,miss
L-IL,MIA,1887,0,337,296,made
L-IL,MIA,226,0,823,111,made
L-IL,TENN,568,0,95,39,miss
L-IL,TENN,1198,0,266,503,miss
L-IL,MIA,1699,1,137,32,made
L-IL,MIA,1125,24,787,232,miss
KSU,CREI,833,2,803,113,miss
KSU,CREI,1199,0,763,119,made
KSU,CREI,787,3,786,329,miss
MURR,WVU,1166,2,1059,24,miss
MURR,WVU,332,2,784,369,miss
MURR,WVU,1559,0,305,432,miss
MURR,WVU,1717,0,367,277,miss
MURR,WVU,144,2,885,89,miss
PENN,KU,1401,10,783,225,miss
PENN,KU,1878,4,784,377,miss
PENN,KU,2310,25,775,262,miss
PENN,KU,651,10,308,430,miss
PENN,KU,686,21,332,384,made
PENN,KU,919,21,337,185,miss
PENN,KU,1296,2,776,294,made
PENN,KU,1582,2,787,209,made
OKLA,URI,1043,1,270,505,miss
OKLA,URI,332,13,271,499,miss
OKLA,URI,1396,32,799,190,made
OKLA,URI,45,11,325,178,miss
OKLA,URI,2339,32,784,380,miss
OKLA,URI,2491,0,1074,571,miss
OKLA,URI,2026,2,1054,22,made
WRST,TENN,2104,13,1062,567,miss
WRST,TENN,1225,3,996,562,miss
WRST,TENN,671,3,342,154,miss
WRST,TENN,1279,31,1051,22,made
WRST,TENN,1442,22,803,407,miss
WRST,TENN,1590,13,813,418,miss
WRST,TENN,550,13,312,445,miss
WRST,TENN,1633,22,820,163,made
GAST,CIN,480,30,74,557,miss
GAST,CIN,679,2,60,562,miss
GAST,CIN,1180,11,212,68,miss
GAST,CIN,1878,2,1081,571,miss
GAST,CIN,881,30,309,136,miss
ALA,VT,298,4,325,403,made
ALA,VT,721,15,173,547,made
MURR,WVU,1420,15,870,96,miss
MURR,WVU,361,3,122,41,miss
MRSH,WICH,2074,21,220,527,made
MRSH,WICH,1310,33,301,96,miss
MRSH,WICH,191,11,887,74,miss
MRSH,WICH,1998,33,376,410,miss
BUCK,MSU,2225,22,116,32,made
TXAM,UNC,840,2,315,96,miss
LIP,UNC,1494,24,340,352,made
TXAM,UNC,1158,2,291,489,miss
LIP,UNC,1615,24,335,437,made
TXAM,UNC,1459,32,849,81,made
TXAM,UNC,2106,32,1082,26,miss
TXAM,UNC,156,13,369,296,miss
LIP,UNC,704,24,849,101,made
TXAM,UNC,372,13,325,108,miss
TXAM,UNC,1361,24,921,533,miss
LIP,UNC,1859,13,322,468,miss
TXSO,XAV,2121,33,784,383,made
TXSO,XAV,658,1,343,297,miss
TXSO,XAV,739,3,342,327,miss
TXSO,XAV,1737,2,851,99,miss
TXSO,XAV,430,2,47,37,made
UNCG,GONZ,715,1,329,146,miss
UNCG,GONZ,388,32,263,482,miss
UNCG,GONZ,133,1,260,81,miss
UNCG,GONZ,285,10,321,95,miss
SDSU,HOU,1883,42,263,111,miss
SDSU,HOU,485,10,800,168,made
SDSU,HOU,319,5,787,308,made
SDSU,HOU,1297,21,343,288,miss
SDSU,HOU,2335,0,361,303,made
SBON,FLA,1195,11,872,528,miss
SBON,FLA,827,2,834,102,miss
SBON,FLA,264,3,800,190,miss
SBON,FLA,1647,2,261,111,miss
NMSU,CLEM,2264,11,335,168,miss
NMSU,CLEM,172,11,792,156,made
NMSU,CLEM,1732,0,205,46,made
NMSU,CLEM,582,23,797,488,miss
NMSU,CLEM,216,23,749,342,miss
SFA,TTU,51,22,275,70,miss
SFA,TTU,1106,5,257,80,miss
SFA,TTU,766,5,316,153,made
SDST,OSU,1050,23,758,273,made
SDST,OSU,1157,24,799,238,miss
SDST,OSU,702,5,1016,43,miss
SDST,OSU,974,0,800,113,made
SDST,OSU,939,0,752,149,made
SDST,OSU,658,24,765,245,made
SDST,OSU,2313,23,290,471,miss
CSF,PUR,645,14,141,554,miss
CSF,PUR,505,14,282,492,miss
NCST,HALL,1783,2,264,488,miss
NCST,HALL,532,12,1023,26,made
NCST,HALL,1900,15,65,558,miss
NCST,HALL,481,10,796,325,miss
NCST,HALL,135,11,990,548,made
NCST,HALL,400,12,870,483,made
TTU,PUR,682,11,886,44,miss
TTU,PUR,1266,12,337,411,miss
TTU,PUR,1390,12,291,486,miss
TTU,PUR,311,2,776,311,miss
TTU,PUR,47,23,907,78,miss
TTU,PUR,1461,10,357,424,miss
TTU,PUR,789,10,831,95,miss
TTU,PUR,565,1,780,209,miss
TTU,PUR,1782,0,367,283,miss
TTU,PUR,345,0,964,43,miss
TTU,PUR,2136,12,361,204,made
TTU,PUR,1645,25,378,209,miss
TTU,PUR,619,1,839,118,miss
TTU,PUR,1359,2,51,568,made
TTU,PUR,1694,0,339,195,made
TTU,PUR,523,25,1037,576,made
TTU,PUR,918,10,969,578,made
TTU,PUR,768,14,395,200,miss
TTU,PUR,285,11,309,478,miss
TTU,PUR,1334,11,776,372,miss
TTU,PUR,1158,11,315,109,miss
TTU,PUR,1714,3,753,239,miss
TTU,PUR,652,3,299,516,miss
TTU,PUR,2339,3,739,301,miss
TTU,PUR,1414,12,775,194,miss
TTU,PUR,977,11,340,490,made
TTU,PUR,1566,3,800,174,made
TTU,PUR,1837,3,790,232,made
TTU,PUR,2247,3,839,104,miss
TTU,PUR,840,11,321,132,made
TTU,PUR,431,12,402,317,miss
TTU,PUR,2051,3,933,43,miss
TTU,PUR,224,3,278,47,made
TTU,PUR,2363,31,1057,571,made
TTU,PUR,1439,3,766,339,made
FSU,MICH,548,5,349,154,made
FSU,MICH,2324,5,828,96,made
FSU,MICH,2389,5,828,449,miss
FSU,MICH,1471,5,779,305,miss
FSU,MICH,2344,5,820,488,miss
FSU,MICH,232,5,46,551,miss
FSU,MICH,449,5,240,57,miss
FSU,MICH,670,5,109,32,miss
FSU,MICH,1170,5,405,274,miss
FSU,MICH,2372,5,1081,30,miss
FSU,MICH,2376,2,776,320,miss
FSU,MICH,2072,0,1096,567,miss
FSU,MICH,1072,0,339,346,miss
FSU,MICH,815,23,349,303,miss
FSU,MICH,374,5,132,39,made
FSU,MICH,920,0,41,558,made
FSU,MICH,1556,0,1065,27,miss
FSU,MICH,1916,4,74,30,miss
FSU,MICH,949,13,837,102,miss
FSU,MICH,1408,13,333,314,miss
FSU,MICH,257,13,784,207,miss
FSU,MICH,1969,13,115,555,miss
FSU,MICH,1673,13,274,466,miss
FSU,MICH,1372,13,332,360,miss
FSU,MICH,1198,13,776,236,miss
FSU,MICH,146,3,772,231,miss
FSU,MICH,1587,22,294,118,miss
FSU,MICH,535,22,938,53,miss
FSU,MICH,1605,22,84,30,miss
FSU,MICH,1727,1,350,166,miss
FSU,MICH,658,1,1057,33,miss
FSU,MICH,2023,1,75,558,miss
FSU,MICH,276,1,952,51,miss
FSU,MICH,185,12,786,173,made
FSU,MICH,603,12,968,47,miss
FSU,MICH,1416,12,57,558,miss
FSU,MICH,2256,22,65,33,made
FSU,MICH,1336,1,216,54,made
FSU,MICH,855,12,920,50,made
L-IL,KSU,1932,0,352,291,miss
L-IL,KSU,709,0,1064,23,miss
L-IL,KSU,1002,14,818,428,miss
L-IL,KSU,2186,13,360,320,miss
L-IL,KSU,1419,13,357,356,miss
L-IL,KSU,1093,13,896,524,miss
L-IL,KSU,662,1,776,250,miss
L-IL,KSU,2016,1,237,68,miss
L-IL,KSU,862,1,797,401,miss
L-IL,KSU,210,14,1090,17,made
L-IL,KSU,1247,0,261,471,made
L-IL,KSU,290,0,1072,576,made
L-IL,KSU,1186,14,1076,561,made
L-IL,KSU,2106,14,233,80,made
L-IL,KSU,1725,14,47,565,made
L-IL,KSU,1513,13,360,238,made
L-IL,KSU,1386,14,353,219,made
L-IL,KSU,333,14,1034,582,made
L-IL,KSU,1475,5,787,365,miss
L-IL,KSU,2233,5,1009,33,miss
L-IL,KSU,272,5,322,410,miss
L-IL,KSU,1948,5,865,512,miss
L-IL,KSU,119,3,65,27,miss
L-IL,KSU,1223,3,803,163,miss
L-IL,KSU,2345,3,744,341,miss
L-IL,KSU,2056,3,818,428,miss
L-IL,KSU,551,14,321,142,miss
L-IL,KSU,729,0,51,19,miss
L-IL,KSU,1619,0,1054,575,miss
L-IL,KSU,1909,0,839,441,miss
L-IL,KSU,441,0,47,560,miss
L-IL,KSU,2361,0,828,71,miss
L-IL,KSU,558,20,318,411,miss
L-IL,KSU,898,20,319,423,miss
L-IL,KSU,2351,2,845,510,miss
L-IL,KSU,1361,2,972,550,miss
L-IL,KSU,2206,23,801,171,miss
L-IL,KSU,2336,20,849,67,made
L-IL,KSU,593,20,319,442,made
L-IL,KSU,2030,3,1007,564,made
L-IL,KSU,142,20,267,496,made
L-IL,KSU,1985,20,834,89,made
L-IL,KSU,1313,2,848,475,made
TXAM,MICH,960,1,336,250,made
TXAM,MICH,1048,1,246,68,miss
TXAM,MICH,2347,1,811,111,miss
TXAM,MICH,1977,1,872,91,miss
TXAM,MICH,364,1,261,482,miss
TXAM,MICH,1198,2,306,177,made
TXAM,MICH,16,2,50,19,miss
TXAM,MICH,1805,2,801,188,miss
TXAM,MICH,676,2,250,95,miss
TXAM,MICH,458,3,312,376,miss
TXAM,MICH,90,3,171,56,miss
TXAM,MICH,2324,5,837,51,miss
TXAM,MICH,2377,12,797,126,miss
TXAM,MICH,1566,10,807,173,miss
TXAM,MICH,1528,10,815,192,made
TXAM,MICH,2370,24,356,270,made
TXAM,MICH,421,23,796,293,miss
TXAM,MICH,550,23,1079,40,miss
TXAM,MICH,356,4,1096,561,miss
TXAM,MICH,951,3,886,483,miss
TXAM,MICH,1333,22,161,48,miss
TXAM,MICH,1061,1,1071,39,miss
TXAM,MICH,1715,1,323,219,miss
TXAM,MICH,1033,12,848,442,miss
TXAM,MICH,1450,12,84,41,miss
TXAM,MICH,469,23,1066,36,made
TXAM,MICH,1638,12,271,473,miss
TXAM,MICH,1270,13,353,314,made
TXAM,MICH,863,13,1076,560,made
TXAM,MICH,514,22,808,400,made
TXAM,MICH,583,3,845,437,made
TXAM,MICH,116,2,786,320,made
TXAM,MICH,649,13,811,231,made
TXAM,MICH,274,12,903,499,made
TXAM,MICH,2068,12,47,555,made
TXAM,MICH,1296,12,75,37,made
TXAM,MICH,1066,22,1078,565,made
TXAM,MICH,689,1,889,102,made
TXAM,MICH,1014,12,1061,558,made
FSU,GONZ,1370,13,792,384,miss
FSU,GONZ,494,13,373,331,miss
FSU,GONZ,2015,13,823,432,miss
FSU,GONZ,282,13,278,500,miss
FSU,GONZ,152,0,343,173,miss
FSU,GONZ,2201,0,769,280,miss
FSU,GONZ,866,0,339,173,miss
FSU,GONZ,79,0,323,417,miss
FSU,GONZ,338,24,130,572,miss
FSU,GONZ,164,23,195,528,miss
FSU,GONZ,1990,23,768,241,miss
FSU,GONZ,2353,23,772,427,miss
FSU,GONZ,304,3,350,283,miss
FSU,GONZ,809,13,345,276,made
FSU,GONZ,1571,0,885,509,miss
FSU,GONZ,935,23,171,30,miss
FSU,GONZ,2079,24,1065,575,made
FSU,GONZ,2245,23,1057,26,made
FSU,GONZ,1416,23,975,23,made
FSU,GONZ,1799,23,1048,567,made
FSU,GONZ,383,5,745,284,miss
FSU,GONZ,732,5,979,37,miss
FSU,GONZ,1583,5,294,91,miss
FSU,GONZ,1790,2,337,358,miss
FSU,GONZ,587,2,792,198,miss
FSU,GONZ,824,0,1040,30,miss
FSU,GONZ,2231,0,60,24,miss
FSU,GONZ,1406,0,343,201,miss
FSU,GONZ,607,23,1052,29,miss
FSU,GONZ,773,23,782,311,miss
FSU,GONZ,96,14,818,408,miss
FSU,GONZ,1686,14,54,27,miss
FSU,GONZ,667,11,789,212,miss
FSU,GONZ,1507,3,122,562,miss
FSU,GONZ,1050,2,787,163,made
FSU,GONZ,1128,5,841,483,made
FSU,GONZ,290,5,749,290,made
FSU,GONZ,534,2,1007,558,made
FSU,GONZ,1102,2,746,290,made
FSU,GONZ,1515,11,88,24,made
WVU,VILL,1705,5,223,533,miss
WVU,VILL,954,4,1020,567,miss
WVU,VILL,734,1,948,548,miss
WVU,VILL,1106,1,852,517,miss
WVU,VILL,512,25,813,430,miss
WVU,VILL,1493,25,280,472,miss
WVU,VILL,1918,14,339,98,miss
WVU,VILL,1253,14,85,22,miss
WVU,VILL,636,14,772,219,miss
WVU,VILL,401,10,786,153,miss
WVU,VILL,1023,1,787,384,made
WVU,VILL,317,1,839,459,miss
WVU,VILL,2065,1,306,118,made
WVU,VILL,1219,4,298,462,made
WVU,VILL,2251,14,96,30,made
WVU,VILL,1824,25,96,560,made
WVU,VILL,958,1,779,178,made
WVU,VILL,182,25,900,51,made
WVU,VILL,475,25,796,418,made
WVU,VILL,12,14,1059,26,made
WVU,VILL,1976,14,75,561,made
WVU,VILL,1939,10,308,111,made
WVU,VILL,1152,4,911,43,made
WVU,VILL,1541,14,68,561,made
WVU,VILL,943,23,215,77,miss
WVU,VILL,1078,15,89,24,miss
WVU,VILL,2181,15,870,537,miss
WVU,VILL,1695,15,779,376,miss
WVU,VILL,1990,15,1021,32,miss
WVU,VILL,354,15,101,17,miss
WVU,VILL,521,15,257,67,miss
WVU,VILL,749,15,330,113,miss
WVU,VILL,2335,3,776,157,miss
WVU,VILL,2346,3,834,493,miss
WVU,VILL,2047,3,859,505,miss
WVU,VILL,2303,2,1020,24,miss
WVU,VILL,425,2,299,163,miss
WVU,VILL,160,21,204,40,miss
WVU,VILL,1810,21,762,283,miss
WVU,VILL,2213,4,865,517,made
WVU,VILL,284,4,260,53,miss
WVU,VILL,648,4,297,43,miss
WVU,VILL,124,4,350,183,miss
WVU,VILL,1286,4,815,399,miss
WVU,VILL,713,2,352,379,made
WVU,VILL,1415,2,787,249,miss
WVU,VILL,2360,2,797,393,miss
WVU,VILL,1655,23,856,481,made
WVU,VILL,488,15,68,567,made
WVU,VILL,1710,3,759,187,made
WVU,VILL,259,4,306,464,made
WVU,VILL,86,4,294,534,made
KSU,UK,1324,5,301,130,miss
KSU,UK,659,5,959,44,miss
KSU,UK,2391,0,170,60,miss
KSU,UK,1883,0,250,82,miss
KSU,UK,1988,3,346,417,miss
KSU,UK,1189,32,879,89,miss
KSU,UK,593,32,1071,40,miss
KSU,UK,2399,22,287,89,miss
KSU,UK,917,22,880,68,miss
KSU,UK,1360,0,308,157,made
KSU,UK,2077,5,259,496,made
KSU,UK,452,0,882,65,made
KSU,UK,439,32,308,427,miss
KSU,UK,1241,5,784,259,miss
KSU,UK,578,5,78,555,miss
KSU,UK,382,5,305,444,miss
KSU,UK,1560,20,800,375,made
KSU,UK,2187,3,893,56,miss
KSU,UK,1199,3,328,216,miss
KSU,UK,84,3,333,207,miss
KSU,UK,347,3,253,89,miss
KSU,UK,485,0,304,150,miss
KSU,UK,1121,20,311,369,miss
KSU,UK,668,20,321,403,miss
KSU,UK,1286,20,1020,22,miss
KSU,UK,750,2,237,503,miss
KSU,UK,1910,23,1074,30,miss
KSU,UK,1517,2,869,486,made
KSU,UK,1166,0,326,115,made
KSU,UK,133,20,312,397,made
KSU,UK,1039,3,378,331,made
KSU,UK,1447,20,810,393,made
KSU,UK,103,5,55,40,made
KSU,UK,721,20,192,63,made
KSU,UK,205,20,322,375,made
DUKE,KU,1362,14,71,37,miss
DUKE,KU,816,14,783,296,miss
DUKE,KU,2173,14,68,22,miss
DUKE,KU,1507,14,309,461,miss
DUKE,KU,179,14,780,293,miss
DUKE,KU,2335,14,397,219,miss
DUKE,KU,2063,2,373,375,miss
DUKE,KU,105,2,956,545,miss
DUKE,KU,1683,2,72,26,miss
DUKE,KU,914,2,1052,27,miss
DUKE,KU,2257,2,89,26,miss
DUKE,KU,1118,4,911,523,miss
DUKE,KU,1542,4,354,259,miss
DUKE,KU,85,4,883,46,miss
DUKE,KU,2148,4,288,102,miss
DUKE,KU,744,4,782,279,miss
DUKE,KU,1144,14,776,379,miss
DUKE,KU,2180,10,242,502,miss
DUKE,KU,1825,10,60,567,miss
DUKE,KU,2648,10,353,304,miss
DUKE,KU,2214,10,315,136,miss
DUKE,KU,368,10,787,291,miss
DUKE,KU,722,10,852,75,miss
DUKE,KU,2591,14,43,569,made
DUKE,KU,1613,2,60,572,made
DUKE,KU,1252,14,47,569,made
DUKE,KU,2455,14,352,194,made
DUKE,KU,584,4,753,281,made
DUKE,KU,455,4,789,438,made
DUKE,KU,1881,4,87,562,made
DUKE,KU,2075,14,58,562,made
DUKE,KU,1295,14,63,548,made
DUKE,KU,316,10,786,366,made
DUKE,KU,1407,2,216,520,made
DUKE,KU,2374,10,319,173,made
DUKE,KU,203,10,858,471,made
DUKE,KU,2696,3,783,290,made
DUKE,KU,77,1,308,407,miss
DUKE,KU,808,1,364,219,miss
DUKE,KU,2665,1,1052,576,miss
DUKE,KU,2047,2,817,58,made
DUKE,KU,2196,3,780,180,miss
DUKE,KU,2680,3,899,68,miss
DUKE,KU,1224,3,758,287,miss
DUKE,KU,2676,3,837,128,miss
DUKE,KU,295,3,352,283,miss
DUKE,KU,946,3,274,488,miss
DUKE,KU,1484,3,1013,30,miss
DUKE,KU,1635,2,852,54,miss
DUKE,KU,1134,2,359,283,miss
DUKE,KU,35,2,295,128,miss
DUKE,KU,739,2,79,567,miss
DUKE,KU,967,2,232,68,miss
DUKE,KU,384,2,337,291,miss
DUKE,KU,390,2,340,369,miss
DUKE,KU,1427,34,790,290,miss
DUKE,KU,20,34,356,322,miss
DUKE,KU,633,34,335,294,miss
DUKE,KU,1905,1,804,408,miss
DUKE,KU,1944,2,796,307,miss
DUKE,KU,1492,1,1064,572,made
DUKE,KU,1020,2,343,280,made
DUKE,KU,1587,35,821,125,made
DUKE,KU,224,3,51,569,made
DUKE,KU,565,1,332,197,made
TTU,VILL,451,11,306,479,miss
TTU,VILL,236,12,180,32,miss
TTU,VILL,596,2,346,205,miss
TTU,VILL,772,25,222,520,miss
TTU,VILL,2394,23,800,99,miss
TTU,VILL,2309,23,1009,26,miss
TTU,VILL,1431,23,1014,30,miss
TTU,VILL,571,1,78,568,miss
TTU,VILL,2347,12,806,360,miss
TTU,VILL,1155,12,349,329,miss
TTU,VILL,664,12,326,102,miss
TTU,VILL,1523,10,1017,23,made
TTU,VILL,505,23,336,387,miss
TTU,VILL,1110,23,170,543,miss
TTU,VILL,2361,10,755,341,miss
TTU,VILL,1425,23,792,291,miss
TTU,VILL,98,2,361,286,made
TTU,VILL,1326,23,823,396,made
TTU,VILL,2035,1,779,192,made
TTU,VILL,1943,25,913,520,made
TTU,VILL,1840,5,99,576,miss
TTU,VILL,228,5,787,369,miss
TTU,VILL,1496,4,120,551,miss
TTU,VILL,996,4,987,548,miss
TTU,VILL,1618,1,194,544,miss
TTU,VILL,1001,1,824,106,miss
TTU,VILL,1935,25,189,56,miss
TTU,VILL,2130,25,346,277,miss
TTU,VILL,74,25,810,112,miss
TTU,VILL,1270,25,192,533,miss
TTU,VILL,1487,25,357,245,miss
TTU,VILL,751,14,1037,32,miss
TTU,VILL,1583,14,95,26,miss
TTU,VILL,1464,10,123,560,miss
TTU,VILL,2010,10,89,560,miss
TTU,VILL,1745,10,347,185,miss
TTU,VILL,642,10,889,500,miss
TTU,VILL,2258,10,243,516,miss
TTU,VILL,1358,5,275,478,made
TTU,VILL,2175,1,335,178,miss
TTU,VILL,300,1,787,360,miss
TTU,VILL,255,14,890,70,made
TTU,VILL,1548,14,318,383,made
TTU,VILL,473,10,930,537,made
L-IL,NEV,652,4,818,92,miss
L-IL,NEV,148,0,954,558,miss
L-IL,NEV,1849,14,395,276,miss
L-IL,NEV,254,14,797,135,miss
L-IL,NEV,2183,14,367,228,miss
L-IL,NEV,850,13,827,63,miss
L-IL,NEV,2069,1,366,195,miss
L-IL,NEV,2011,1,361,142,miss
L-IL,NEV,2221,24,330,430,made
L-IL,NEV,1158,5,959,565,made
L-IL,NEV,2394,5,297,56,made
L-IL,NEV,747,13,797,101,made
L-IL,NEV,1714,1,151,565,made
L-IL,NEV,1317,33,971,26,miss
L-IL,NEV,2311,10,831,88,made
L-IL,NEV,1406,10,823,447,made
L-IL,NEV,1592,11,753,421,miss
L-IL,NEV,1128,11,388,272,miss
L-IL,NEV,642,10,347,166,miss
L-IL,NEV,1484,10,875,57,miss
L-IL,NEV,477,10,171,23,miss
L-IL,NEV,1667,10,800,139,miss
L-IL,NEV,2349,10,756,122,miss
L-IL,NEV,804,13,139,39,miss
L-IL,NEV,2351,13,944,41,miss
L-IL,NEV,522,24,371,241,miss
L-IL,NEV,485,21,125,32,miss
L-IL,NEV,1282,21,949,36,miss
L-IL,NEV,602,21,401,298,miss
L-IL,NEV,2198,21,773,118,miss
L-IL,NEV,138,21,103,565,miss
L-IL,NEV,1549,21,768,216,miss
L-IL,NEV,160,21,51,571,miss
L-IL,NEV,1038,21,88,30,miss
L-IL,NEV,1626,10,990,22,made
L-IL,NEV,2397,10,784,380,made
L-IL,NEV,1449,24,818,123,made
L-IL,NEV,385,10,360,334,made
L-IL,NEV,307,24,354,352,made
CLEM,KU,768,10,149,560,made
CLEM,KU,2245,10,789,152,miss
CLEM,KU,2332,10,835,490,miss
CLEM,KU,147,10,321,133,miss
CLEM,KU,2013,10,1068,13,miss
CLEM,KU,1547,10,1068,560,miss
CLEM,KU,627,10,247,507,miss
CLEM,KU,1702,24,1041,29,miss
CLEM,KU,568,5,270,490,miss
CLEM,KU,732,5,184,543,miss
CLEM,KU,816,2,328,126,miss
CLEM,KU,2318,4,824,413,miss
CLEM,KU,2392,4,811,185,miss
CLEM,KU,2070,4,823,160,miss
CLEM,KU,1409,21,961,541,miss
CLEM,KU,1926,4,849,133,made
CLEM,KU,1972,10,815,152,made
CLEM,KU,1365,10,794,116,made
CLEM,KU,520,5,177,543,made
CLEM,KU,1615,2,938,40,made
CLEM,KU,1953,14,361,222,made
CLEM,KU,234,2,1075,23,made
CLEM,KU,824,14,980,32,miss
CLEM,KU,2191,14,68,33,miss
CLEM,KU,310,14,794,121,miss
CLEM,KU,172,2,869,471,miss
CLEM,KU,667,2,1011,43,miss
CLEM,KU,1102,2,1052,560,miss
CLEM,KU,1394,4,325,457,miss
CLEM,KU,1106,4,780,109,miss
CLEM,KU,405,4,803,411,miss
CLEM,KU,2372,10,122,562,miss
CLEM,KU,1129,10,1075,565,miss
CLEM,KU,975,10,1033,30,miss
CLEM,KU,710,10,979,26,made
CLEM,KU,1283,14,144,47,made
CLEM,KU,1304,4,160,550,made
CLEM,KU,1888,4,304,119,made
CLEM,KU,468,14,834,111,made
CLEM,KU,1170,2,852,476,made
CLEM,KU,1236,2,127,34,made
CLEM,KU,1425,14,250,496,made
IONA,DUKE,1356,34,292,442,miss
IONA,DUKE,1199,3,886,105,made
IONA,DUKE,1980,2,311,180,miss
IONA,DUKE,1819,3,295,147,made
IONA,DUKE,1838,4,1048,39,miss
IONA,DUKE,2393,0,1059,32,miss
IONA,DUKE,202,1,361,304,made
IONA,DUKE,1619,2,820,202,miss
IONA,DUKE,580,15,259,485,miss
IONA,DUKE,1383,15,868,481,miss
UMBC,UVA,2124,13,1055,562,miss
UMBC,UVA,1412,13,1062,588,miss
UMBC,UVA,524,33,299,88,made
UMBC,UVA,883,33,233,37,miss
UMBC,UVA,38,13,312,102,miss
TEX,NEV,2222,3,194,552,miss
TEX,NEV,431,12,814,146,made
TEX,NEV,315,12,766,315,miss
TEX,NEV,227,2,837,483,made
TEX,NEV,2020,2,349,379,made
TEX,NEV,652,2,962,29,miss
CLEM,AUB,702,1,811,406,miss
CLEM,AUB,2161,1,350,335,miss
CLEM,AUB,1372,2,329,184,miss
CLEM,AUB,2279,14,359,308,miss
CLEM,AUB,1921,14,295,143,miss
CLEM,AUB,1245,2,275,462,made
CLEM,AUB,595,1,794,334,miss
COFC,AUB,730,2,980,41,miss
COFC,AUB,1778,2,232,70,made
COFC,AUB,200,5,1007,552,miss
COFC,AUB,1242,1,318,174,miss
COFC,AUB,1982,1,259,502,miss
COFC,AUB,50,13,1050,562,miss
COFC,AUB,1914,1,360,325,miss
BUT,PUR,2215,3,872,80,miss
BUT,ARK,193,30,1004,36,miss
BUT,PUR,1256,30,914,517,made
BUT,ARK,420,5,780,257,miss
BUT,ARK,160,22,1051,34,made
BUT,ARK,732,2,1010,44,miss
PENN,KU,969,10,1061,560,made
PENN,KU,1862,14,305,144,miss
HALL,KU,1108,14,848,87,made
HALL,KU,1660,2,132,41,made
PENN,KU,1658,4,356,198,miss
HALL,KU,411,10,769,298,miss
HALL,KU,1424,14,136,32,miss
HALL,KU,1150,14,933,54,miss
NEV,CIN,1040,24,941,536,miss
TEX,NEV,405,10,349,284,miss
TEX,NEV,1140,21,113,569,made
NEV,CIN,96,10,800,191,miss
TEX,NEV,1755,11,779,216,miss
NEV,CIN,1110,10,872,89,miss
TEX,NEV,1986,10,794,121,miss
TEX,NEV,2095,21,1038,24,made
TEX,NEV,1286,10,859,72,made
TEX,NEV,2074,21,796,425,miss
CSF,PUR,225,3,786,393,miss
BUT,PUR,927,3,813,156,miss
BUT,PUR,2126,3,271,476,miss
BUT,PUR,2238,31,347,368,miss
CSF,PUR,599,31,808,417,miss
BUT,PUR,429,3,863,503,miss
TXSO,XAV,1804,5,332,296,miss
TXSO,XAV,165,55,1035,555,made
TXSO,XAV,1101,5,832,154,made
TXSO,XAV,666,5,828,430,miss
ALA,VILL,691,23,314,174,miss
ALA,VT,575,5,1059,20,miss
ALA,VT,1197,23,852,459,made
ALA,VT,2128,2,425,338,miss
ALA,VT,1629,23,291,87,made
ALA,VT,265,12,1035,558,made
BUFF,ARIZ,2115,24,291,458,miss
BUFF,ARIZ,312,3,892,78,miss
BUFF,ARIZ,594,0,1062,24,miss
BUFF,UK,2372,5,170,548,miss
BUFF,UK,1931,2,273,109,miss
BUFF,UK,2202,22,306,149,miss
BUFF,UK,1810,5,339,202,made
BUFF,ARIZ,148,5,82,24,made
BUFF,ARIZ,1486,10,820,183,made
CLEM,AUB,1629,10,797,260,made
CLEM,AUB,1855,21,787,375,made
CLEM,AUB,1704,10,769,325,miss
CLEM,AUB,806,21,134,39,miss
CLEM,AUB,898,21,278,130,miss
NMSU,CLEM,417,10,377,209,miss
NMSU,CLEM,1545,4,806,481,miss
NMSU,CLEM,700,10,294,513,miss
SBON,FLA,993,3,132,43,miss
SBON,FLA,1253,4,882,506,miss
SBON,FLA,880,3,149,46,miss
SBON,FLA,1429,4,792,379,miss
SBON,FLA,1296,5,889,78,miss
SBON,FLA,962,25,343,308,miss
UNCG,GONZ,2250,13,98,34,miss
UNCG,GONZ,338,24,856,75,made
UNCG,GONZ,1987,33,239,96,miss
UNCG,GONZ,368,23,783,321,miss
SDSU,HOU,2324,32,815,161,miss
SDSU,HOU,859,5,302,128,miss
MONT,MICH,1424,14,894,524,miss
MONT,MICH,1037,0,196,530,miss
MONT,MICH,279,0,305,71,miss
MONT,MICH,1827,14,856,483,made
RAD,VILL,1006,11,302,128,made
RAD,VILL,1154,13,345,324,miss
RAD,VILL,1809,1,755,238,miss
BUT,ARK,830,20,305,88,miss
BUT,ARK,1837,0,873,87,miss
BUT,ARK,517,0,363,280,made
BUT,ARK,1021,23,94,557,miss
BUT,ARK,1620,4,911,534,miss
BUT,ARK,973,23,105,30,made
BUT,ARK,1196,4,357,249,miss
BUCK,MSU,1587,2,768,305,miss
BUCK,MSU,2374,1,964,551,miss
BUCK,MSU,1643,15,980,36,miss
BUCK,MSU,2399,2,708,335,made
BUCK,MSU,1272,23,983,56,miss
BUCK,MSU,2200,3,800,430,made
DAV,UK,939,23,866,481,miss
DAV,UK,1344,3,315,143,made
DAV,UK,1431,3,347,130,made
DAV,UK,2039,3,357,314,miss
DAV,UK,2398,20,222,506,made
BUFF,UK,1097,32,280,488,made
BUFF,UK,2247,32,1040,561,made
LIP,UNC,1560,0,882,492,miss
LIP,UNC,1400,21,880,499,made
MRSH,WICH,1959,13,756,132,miss
MRSH,WICH,1023,13,46,27,miss
MONT,MICH,959,12,838,475,made
OKLA,URI,1802,35,261,506,miss
OKLA,URI,1717,11,319,478,miss
OKLA,URI,2546,11,416,200,miss
OKLA,URI,343,0,801,454,miss
UMBC,UVA,434,0,844,485,miss
UMBC,UVA,1405,11,247,81,miss
KSU,CREI,675,32,295,109,miss
KSU,CREI,2358,24,1054,19,made
KSU,CREI,2176,5,1016,568,miss
KSU,CREI,2294,32,844,78,miss
KSU,CREI,1376,24,804,441,made
KSU,CREI,1981,32,831,465,miss
KSU,CREI,2229,24,768,279,miss
KSU,CREI,1193,24,364,358,made
KSU,CREI,983,32,363,216,miss
L-IL,TENN,364,3,792,133,miss
L-IL,TENN,525,1,830,488,miss
L-IL,TENN,2148,1,212,545,miss
WRST,TENN,739,1,790,370,miss
WRST,TENN,1956,5,349,320,miss
L-IL,TENN,2212,23,79,26,made
L-IL,TENN,1051,0,933,543,miss
WRST,TENN,182,1,793,294,miss
WRST,TENN,2046,0,339,152,miss
WRST,TENN,1390,1,354,332,made
WRST,TENN,1237,5,70,565,miss
WRST,TENN,201,5,845,113,made
TXAM,UNC,1290,1,329,427,made
TXAM,UNC,690,2,875,505,miss
TXAM,UNC,25,2,768,257,made
TXAM,UNC,1737,5,61,575,made
PROV,TXAM,83,1,103,32,miss
TXAM,UNC,435,1,1083,30,miss
PROV,TXAM,1610,2,1035,27,made
TXAM,UNC,1629,3,277,115,miss
TXAM,UNC,1440,1,297,479,miss
PROV,TXAM,330,1,236,63,miss
ALA,VILL,1057,10,876,53,miss
ALA,VILL,169,14,866,89,made
ALA,VILL,1740,10,240,514,miss
ALA,VILL,546,25,799,159,miss
ALA,VILL,2067,1,87,27,miss
ALA,VILL,263,10,799,133,miss
ALA,VILL,87,4,930,530,miss
RAD,VILL,1819,25,373,238,miss
RAD,VILL,1695,4,308,503,made
ALA,VILL,1030,14,931,531,miss
RAD,VILL,1624,25,359,195,miss
ALA,VILL,932,5,846,505,miss
RAD,VILL,2175,4,182,555,miss
COFC,AUB,1236,1,851,112,miss
COFC,AUB,1153,1,195,64,made
COFC,AUB,1277,12,759,253,miss
COFC,AUB,2209,21,1062,561,made
NEV,CIN,1215,3,762,335,made
GAST,CIN,2172,34,199,74,miss
GAST,CIN,1859,11,67,575,made
GAST,CIN,1243,24,72,33,miss
GAST,CIN,2129,34,340,286,miss
GAST,CIN,2233,1,330,342,miss
GAST,CIN,1570,15,120,32,miss
GAST,CIN,2022,1,60,554,made
L-IL,MIA,616,4,264,479,miss
L-IL,MIA,1906,1,869,109,made
SDST,OSU,2305,15,923,540,made
SDST,OSU,2060,33,804,171,miss
SDST,OSU,462,24,318,130,miss
SDST,OSU,2152,33,783,369,miss
SDST,OSU,1517,24,769,370,miss
SDST,OSU,15,33,347,393,miss
SDST,OSU,2231,13,846,485,miss
SDST,OSU,1013,2,87,561,miss
PROV,TXAM,1526,21,48,562,miss
PROV,TXAM,122,21,899,516,miss
PROV,TXAM,1743,5,356,320,made
PROV,TXAM,585,21,793,339,made
PROV,TXAM,2201,11,281,458,miss
NCST,HALL,1160,14,57,561,made
HALL,KU,2382,0,737,267,made
NCST,HALL,1725,0,906,61,miss
HALL,KU,1508,13,971,29,miss
HALL,KU,620,22,112,30,miss
NCST,HALL,919,13,333,420,miss
HALL,KU,956,13,134,29,miss
HALL,KU,741,0,261,492,miss
NCST,HALL,164,0,340,164,made
HALL,KU,2192,13,786,438,made
HALL,KU,1211,20,766,329,miss
NCST,HALL,2266,13,878,57,miss
HALL,KU,1247,13,797,425,miss
NCST,HALL,1199,13,328,58,miss
SFA,TTU,319,10,796,286,miss
SFA,TTU,708,10,775,263,miss
SFA,TTU,1180,5,1013,579,miss
SFA,TTU,383,23,789,355,miss
SFA,TTU,270,0,890,70,miss
L-IL,TENN,1654,1,873,514,made
L-IL,TENN,1465,0,1002,575,miss
L-IL,MIA,2327,13,119,568,made
L-IL,TENN,1797,4,948,43,made
L-IL,MIA,1436,14,352,245,miss
L-IL,MIA,1222,0,204,531,miss
KSU,CREI,391,5,842,488,made
KSU,CREI,233,14,793,269,made
MURR,WVU,1073,2,814,420,miss
MURR,WVU,1274,0,51,568,made
MURR,WVU,1113,0,776,284,made
MURR,WVU,948,2,897,72,made
MURR,WVU,821,2,1083,564,miss
PENN,KU,225,10,305,147,made
PENN,KU,833,4,360,263,miss
PENN,KU,159,25,339,291,made
PENN,KU,2357,14,1085,22,made
PENN,KU,2381,14,966,554,miss
OKLA,URI,1662,13,900,64,miss
OKLA,URI,1483,0,869,82,miss
OKLA,URI,1941,2,749,180,made
OKLA,URI,2420,0,794,425,miss
OKLA,URI,1351,13,1044,30,made
WRST,TENN,2026,13,839,471,miss
WRST,TENN,1145,3,345,219,miss
WRST,TENN,1838,3,872,502,miss
WRST,TENN,480,13,326,418,miss
GAST,CIN,1547,11,784,184,made
GAST,CIN,1583,11,889,514,made
GAST,CIN,1698,30,985,37,made
ALA,VT,844,5,364,300,made
ALA,VT,472,10,178,36,made
MURR,WVU,1294,23,859,119,miss
MURR,WVU,1376,4,865,89,miss
MURR,WVU,1025,23,115,565,made
MRSH,WICH,826,11,933,56,miss
MRSH,WICH,1930,33,340,168,made
MRSH,WICH,1199,21,786,270,miss
MRSH,WICH,85,11,849,111,miss
MRSH,WICH,140,32,1085,568,miss
BUCK,MSU,1602,5,198,536,miss
TXAM,UNC,1865,24,775,168,miss
TXAM,UNC,1122,13,356,177,miss
TXAM,UNC,1830,2,783,201,made
TXAM,UNC,1274,13,1024,22,miss
TXAM,UNC,2140,2,1062,27,made
TXAM,UNC,673,4,102,561,miss
LIP,UNC,1127,2,773,332,miss
LIP,UNC,428,32,794,194,miss
TXAM,UNC,377,2,316,447,miss
LIP,UNC,671,32,868,486,made
TXAM,UNC,614,2,291,92,miss
TXAM,UNC,301,2,349,192,miss
LIP,UNC,873,13,821,146,made
TXSO,XAV,1732,3,845,461,miss
TXSO,XAV,1398,2,1026,558,miss
TXSO,XAV,2231,2,862,482,made
UNCG,GONZ,121,10,290,152,miss
UNCG,GONZ,2183,1,777,318,miss
UNCG,GONZ,2389,1,820,485,miss
UNCG,GONZ,288,11,290,102,miss
UNCG,GONZ,2079,10,823,432,miss
SDSU,HOU,1058,3,779,260,miss
SDSU,HOU,1462,5,143,51,miss
SDSU,HOU,754,10,834,449,miss
SDSU,HOU,2372,0,316,418,made
SDSU,HOU,461,42,828,403,miss
SBON,FLA,1362,2,306,109,miss
SBON,FLA,353,3,745,163,miss
SBON,FLA,416,11,789,355,miss
SBON,FLA,1930,3,113,39,miss
NMSU,CLEM,2339,35,299,111,miss
NMSU,CLEM,2040,0,205,533,miss
SFA,TTU,16,1,254,71,miss
SFA,TTU,1199,1,356,346,made
SFA,TTU,1228,11,1041,575,made
SFA,TTU,1324,1,820,95,miss
SFA,TTU,2045,1,787,303,miss
SDST,OSU,1916,0,326,410,miss
SDST,OSU,696,24,806,125,miss
SDST,OSU,1198,5,776,228,miss
SDST,OSU,410,5,849,105,miss
SDST,OSU,1822,24,246,505,miss
SDST,OSU,2197,24,342,147,made
SDST,OSU,1731,1,335,425,miss
SDST,OSU,194,5,756,211,made
SDST,OSU,1125,23,810,440,made
SDST,OSU,1557,23,346,176,miss
SDST,OSU,858,24,770,280,made
CSF,PUR,802,0,330,401,miss
CSF,PUR,2290,33,1028,568,miss
CSF,PUR,1508,1,1062,567,miss
CSF,PUR,904,0,333,399,made
NCST,HALL,997,2,855,81,miss
NCST,HALL,350,15,1028,26,miss
NCST,HALL,591,12,892,54,made
NCST,HALL,72,11,787,311,made
